Date,Price,Open,High,Low,Vol.,Change %,moving average,EMA,EMA(12),EMA(26),MACD,K,D,R,trend,score,return
1-Jan-18,472,471,473.4,468.8,52.60K,0.25%,472,472,472,472,0,0,0,0,1,0.5,0.002548853
2-Jan-18,479.6,472.2,480.4,472,172.10K,1.61%,476.3,472.95,472.95,472.95,0,93.10344828,46.55172414,-93.10344828,1,1,0.016101695
3-Jan-18,486,481,487.2,480.6,368.25K,1.33%,479.5333333,474.58125,474.58125,474.58125,0,93.47826087,62.19390305,-93.47826087,0,0,0.013344454
4-Jan-18,478.2,487.6,487.6,477.8,310.83K,-1.60%,479.2,475.0335938,475.0335938,475.0335938,0,50,78.86056972,-50,1,0.5,-0.016049383
7-Jan-18,478.3,477.2,479.5,477,152.94K,0.02%,479.02,475.4418945,475.4418945,475.4418945,0,50.53191489,64.67005859,-50.53191489,0,0.5,0.000209118
8-Jan-18,472.6,478.4,478.4,470.1,269.06K,-1.19%,477.95,475.0866577,475.0866577,475.0866577,0,20.21276596,40.24822695,-20.21276596,0,0.5,-0.011917207
9-Jan-18,470.9,472.6,472.6,469.5,175.76K,-0.36%,476.9428571,474.5633255,474.5633255,474.5633255,0,11.17021277,27.30496454,-11.17021277,1,0.5,-0.003597122
10-Jan-18,471.4,472,473.1,469,126.92K,0.11%,476.25,474.1679098,474.1679098,474.1679098,0,13.82978723,15.07092199,-13.82978723,1,0.5,0.001061797
11-Jan-18,476,472.2,477.5,472,98.36K,0.98%,476.2222222,474.3969211,474.3969211,474.3969211,0,38.29787234,21.09929078,-38.29787234,0,0.5,0.009758167
14-Jan-18,476,477,477,473,68.81K,0.00%,476.2,474.597306,474.597306,474.597306,0,38.29787234,30.14184397,-38.29787234,0,0.5,0
15-Jan-18,473.6,477,482,473,826.08K,-0.50%,475.9636364,474.4726427,474.4726427,474.4726427,0,25.53191489,34.04255319,-25.53191489,1,0.5,-0.005042017
16-Jan-18,479.8,475,480.6,473,152.36K,1.31%,476.2833333,475.1385624,472,475.1385624,-3.138562368,58.5106383,40.78014184,-58.5106383,1,0.5,0.013091216
17-Jan-18,481.4,477.2,483.7,477.2,277.05K,0.33%,476.6769231,475.9212421,472.95,475.9212421,-2.971242072,67.0212766,50.35460993,-67.0212766,1,0.5,0.003334723
18-Jan-18,483.3,482.5,484,480.2,221.42K,0.39%,477.15,476.8435868,474.58125,476.8435868,-2.262336813,77.12765957,67.55319149,-77.12765957,1,0.5,0.003946822
21-Jan-18,487.7,484,489.9,484,275.85K,0.91%,477.8533333,478.2006385,475.0335938,478.2006385,-3.167044712,89.57345972,77.9074653,-89.57345972,1,0.5,0.009104076
22-Jan-18,494.4,489.7,496,485.6,483.35K,1.37%,479.3466667,480.2255587,475.4418945,480.2255587,-4.783664123,94.07407407,86.92506445,-94.07407407,1,0.5,0.013737954
23-Jan-18,503.8,496,504.8,495,744.06K,1.90%,480.96,483.1723638,475.0866577,483.1723638,-8.085706107,97.20670391,93.61807923,-97.20670391,1,0.5,0.019012945
24-Jan-18,505.9,503.8,510,500.2,528.52K,0.42%,482.2866667,486.0133183,474.5633255,486.0133183,-11.44999284,90,93.76025933,-90,1,1,0.004168321
25-Jan-18,510.7,505.8,512,503,549.78K,0.95%,484.4533333,489.0991536,474.1679098,489.0991536,-14.93124374,96.97674419,94.72781603,-96.97674419,0,0.5,0.009488041
28-Jan-18,505.3,510,511.9,501.2,266.73K,-1.06%,486.2533333,491.1242594,474.3969211,491.1242594,-16.72733827,84.41860465,90.46511628,-84.41860465,1,0.5,-0.010573722
29-Jan-18,510.3,505.3,513.1,502.4,348.92K,0.99%,488.7666667,493.5212269,474.597306,493.5212269,-18.92392099,93.65079365,91.6820475,-93.65079365,1,0.5,0.009895112
30-Jan-18,505,511,511,504.1,578.66K,0.99%,491.04,494.9560736,474.4726427,494.9560736,-20.48343086,81.63265306,86.56735045,-81.63265306,0,0.5,-0.010386047
31-Jan-18,502.4,506.9,508,495,416.22K,-0.51%,493.1066667,495.8865644,475.1385624,495.8865644,-20.74800201,73.96593674,83.08312782,-73.96593674,0,0.5,-0.005148515
1-Feb-18,500,504,504,499,385.72K,-0.48%,494.7066667,496.4007438,475.9212421,496.4007438,-20.47950176,67.33167082,74.31008687,-67.33167082,0,0.5,-0.00477707
4-Feb-18,496.3,500.9,500.9,495.1,120.25K,-0.74%,496.06,496.3881508,476.8435868,496.3881508,-19.54456404,58.10473815,66.46744857,-58.10473815,0,0.5,-0.0074
5-Feb-18,496,496,499.9,487,319.17K,-0.06%,497.5533333,496.339632,478.2006385,472,6.200638462,57.35660848,60.93100582,-57.35660848,0,0.5,-0.000604473
6-Feb-18,495.6,495,500,495,144.97K,-0.08%,498.6066667,496.247178,480.2255587,472.95,7.275558654,51.25348189,55.57160951,-51.25348189,1,0.5,-0.000806452
7-Feb-18,497.1,496,499.9,493,149.18K,0.30%,499.6533333,496.3537807,483.1723638,474.58125,8.591113822,51.36778116,53.32595718,-51.36778116,1,0.5,0.003026634
8-Feb-18,500.7,499,503,496.3,295.61K,0.72%,500.8133333,496.8970582,486.0133183,475.0335938,10.97972459,57.38831615,53.3365264,-57.38831615,1,0.5,0.007242004
11-Feb-18,508.7,501,509.4,500.5,166.45K,1.60%,502.2133333,498.3724259,489.0991536,475.4418945,13.65725902,84,64.25203244,-84,0,0.5,0.015977631
12-Feb-18,505.6,509.7,511.1,504.5,455.35K,-0.61%,502.96,499.2758726,491.1242594,475.0866577,16.03760164,71.26436782,70.88422799,-71.26436782,1,0.5,-0.006093965
13-Feb-18,507.7,507.9,508.5,503.9,209.14K,0.42%,503.22,500.3288886,493.5212269,474.5633255,18.95790144,79.31034483,78.19157088,-79.31034483,0,0.5,0.004153481
14-Feb-18,506.1,508.8,511.9,505.5,209.64K,-0.32%,503.2333333,501.0502775,494.9560736,474.1679098,20.78816376,73.18007663,74.58492976,-73.18007663,0,0.5,-0.003151467
15-Feb-18,505.1,507,507,504.6,302.21K,-0.20%,502.86,501.5564928,495.8865644,474.3969211,21.48964329,69.348659,73.94636015,-69.348659,1,0.5,-0.001975894
18-Feb-18,506.7,507.8,508.8,506,197.64K,0.32%,502.9533333,502.1994312,496.4007438,474.597306,21.80343788,75.4789272,72.66922095,-75.4789272,0,0.5,0.00316769
20-Feb-18,492.8,504,504,491,413.47K,-2.74%,501.7866667,501.0245023,496.3881508,474.4726427,21.91550814,23.29317269,56.04025297,-23.29317269,0,0,-0.027432406
22-Feb-18,482,494.9,495,481,191.79K,-2.19%,500.2533333,498.6464395,496.339632,475.1385624,21.20106962,3.236245955,34.00278195,-3.236245955,0,0.5,-0.021915584
25-Feb-18,478.5,484.9,484.9,472,123.12K,-0.73%,498.66,496.1281346,496.247178,475.9212421,20.32593592,16.29072682,14.27338182,-16.29072682,0,0.5,-0.007261411
26-Feb-18,472.3,475.5,477.6,466.3,140.73K,-1.30%,496.8133333,493.1496178,496.3537807,476.8435868,19.51019393,13.15789474,10.89495584,-13.15789474,1,0.5,-0.012957158
27-Feb-18,474.7,472.4,480,470.9,263.33K,0.51%,495.3733333,490.8434155,496.8970582,478.2006385,18.69641969,18.42105263,15.95655806,-18.42105263,1,0.5,0.005081516
28-Feb-18,478.7,478,481.5,475.8,143.73K,0.84%,494.22,489.3254886,498.3724259,480.2255587,18.14686723,27.19298246,19.59064327,-27.19298246,1,0.5,0.008426375
1-Mar-18,483.1,478.9,484,477.3,96.40K,0.92%,493.3866667,488.5473025,499.2758726,483.1723638,16.10350883,36.84210526,27.48538012,-36.84210526,1,0.5,0.00919156
4-Mar-18,484.6,485.5,488.6,483.5,100.27K,0.31%,492.5533333,488.0538897,500.3288886,486.0133183,14.31557022,40.13157895,34.72222222,-40.13157895,0,0.5,0.003104947
5-Mar-18,481.7,485.4,485.5,481.2,67.43K,-0.60%,491.2866667,487.2596535,501.0502775,489.0991536,11.95112394,33.77192982,36.91520468,-33.77192982,1,0.5,-0.005984317
6-Mar-18,487.4,481.8,487.9,480.2,177.50K,1.18%,489.8666667,487.2771968,501.5564928,491.1242594,10.43223345,46.27192982,40.05847953,-46.27192982,1,0.5,0.011833091
7-Mar-18,488.9,487.9,492,487,192.05K,0.31%,488.7533333,487.4800472,502.1994312,493.5212269,8.67820427,49.56140351,43.20175439,-49.56140351,1,0.5,0.003077554
8-Mar-18,489.2,489,491.5,487.2,147.12K,0.06%,487.52,487.6950413,501.0245023,494.9560736,6.068428736,50.21929825,48.68421053,-50.21929825,0,0.5,0.000613622
11-Mar-18,485,488,489.5,483,68.78K,-0.86%,486.1133333,487.3581611,498.6464395,495.8865644,2.759875144,44,47.92690058,-44,0,0.5,-0.008585446
12-Mar-18,482.2,485,486.5,480.3,141.05K,-0.58%,484.5866667,486.713391,496.1281346,496.4007438,-0.272609249,37.41176471,43.87702098,-37.41176471,0,0.5,-0.005773196
13-Mar-18,477.5,482.3,482.3,476,155.85K,-0.97%,482.64,485.5617171,493.1496178,496.3881508,-3.238533093,29.70822281,37.03999584,-29.70822281,1,0.5,-0.009746993
14-Mar-18,479,481,481,476.7,149.10K,0.31%,481.72,484.7415025,490.8434155,496.339632,-5.496216456,44.25087108,37.12361953,-44.25087108,1,0.5,0.003141361
15-Mar-18,482.1,482,482.5,478.3,87.53K,0.65%,481.7266667,484.4113147,489.3254886,496.247178,-6.921689399,61.47859922,45.1458977,-61.47859922,1,0.5,0.006471816
18-Mar-18,484.5,482.1,484.8,480,97.47K,0.50%,482.1266667,484.4224003,488.5473025,496.3537807,-7.806478224,70.81712062,58.84886364,-70.81712062,0,0.5,0.00497822
19-Mar-18,481.2,483.1,485.4,478.6,75.97K,-0.68%,482.72,484.0196003,488.0538897,496.8970582,-8.843168446,48.81516588,60.37029524,-48.81516588,0,0.5,-0.006811146
20-Mar-18,481.2,481.2,485.4,478.6,75.97K,0.00%,483.1533333,483.6671503,487.2596535,498.3724259,-11.11277239,33.33333333,50.98853994,-33.33333333,0,0.5,0
21-Mar-18,477,479,481,476,217.90K,-0.87%,483.04,482.8337565,487.2771968,499.2758726,-11.99867584,6.25,29.4661664,-6.25,0,0.5,-0.00872818
22-Mar-18,472.1,477,477.5,470.1,102.31K,-1.03%,482.3066667,481.4920369,487.4800472,500.3288886,-12.84884136,9.132420091,16.23858447,-9.132420091,0,0.5,-0.010272537
25-Mar-18,468.1,474.9,474.9,467.7,104.84K,-0.85%,481.2066667,479.8180323,487.6950413,501.0502775,-13.35523619,1.646090535,5.676170209,-1.646090535,0,0.5,-0.008472781
27-Mar-18,467.2,468.1,470,465.9,706.15K,-0.19%,480.24,478.2407783,487.3581611,501.5564928,-14.19833167,4.980842912,5.253117846,-4.980842912,0,0.5,-0.001922666
28-Mar-18,461.6,467.2,467.9,460.3,152.09K,-1.20%,478.52,476.160681,486.713391,502.1994312,-15.48604021,4.100946372,3.57595994,-4.100946372,1,0.5,-0.011986301
29-Mar-18,462,462.2,464.7,460.5,144.37K,0.09%,476.7266667,474.3905959,485.5617171,501.0245023,-15.46278518,5.448717949,4.843502411,-5.448717949,1,0.5,0.000866551
1-Apr-18,471.7,464.9,474.9,464.9,114.40K,2.10%,475.56,474.0542714,484.7415025,498.6464395,-13.90493703,39.04109589,16.19692007,-39.04109589,1,0.5,0.020995671
2-Apr-18,478.7,474.9,482,473,207.05K,1.48%,475.14,474.6349875,484.4113147,496.1281346,-11.71681991,70.22900763,38.23960716,-70.22900763,0,0.5,0.014839941
3-Apr-18,476,477,483.9,475,99.32K,-0.56%,474.7266667,474.805614,484.4224003,493.1496178,-8.727217417,62.5498008,57.27330144,-62.5498008,1,0.5,-0.005640276
4-Apr-18,476.5,478,480,475.5,82.73K,0.11%,474.66,475.0174123,484.0196003,490.8434155,-6.82381524,64.54183267,65.77354703,-64.54183267,1,0.5,0.00105042
5-Apr-18,477.1,477,478,476.8,118.03K,0.13%,474.5333333,475.2777357,483.6671503,489.3254886,-5.658338335,66.93227092,64.67463479,-66.93227092,0,0.5,0.001259182
8-Apr-18,474.6,479.9,479.9,472.8,106.29K,-0.52%,474.0333333,475.1930188,482.8337565,488.5473025,-5.713546043,56.97211155,62.81540505,-56.97211155,0,0.5,-0.005239992
9-Apr-18,474.5,477,477,473,116.58K,-0.02%,473.3666667,475.1063914,481.4920369,488.0538897,-6.561852788,56.57370518,60.15936255,-56.57370518,1,0.5,-0.000210704
10-Apr-18,480.3,475,485,474,293.51K,1.22%,473.3066667,475.7555925,479.8180323,487.2596535,-7.441621189,79.6812749,64.40903054,-79.6812749,1,0.5,0.012223393
11-Apr-18,486.1,483.2,487.7,480.4,184.18K,1.21%,473.6333333,477.0486434,478.2407783,487.2771968,-9.036418541,94.16058394,76.80518801,-94.16058394,0,0.5,0.012075786
12-Apr-18,486,484.1,490,484,164.85K,-0.02%,474.2333333,478.167563,476.160681,487.4800472,-11.31936622,86.53198653,86.79128179,-86.53198653,0,0.5,-0.000205719
15-Apr-18,484.6,484.8,486.5,482.2,71.34K,-0.29%,475.0666667,478.9716176,474.3905959,487.6950413,-13.30444545,81.81818182,87.5035841,-81.81818182,0,0.5,-0.002880658
16-Apr-18,483.8,484.2,486.9,481,84.53K,-0.17%,476.1133333,479.5751654,474.0542714,487.3581611,-13.30388976,79.12457912,82.49158249,-79.12457912,1,0.5,-0.001650846
17-Apr-18,487.1,485,487.4,484,70.71K,0.68%,477.44,480.5157697,474.6349875,486.713391,-12.07840354,90.23569024,83.72615039,-90.23569024,1,0.5,0.006821
18-Apr-18,490.4,487.5,496,485.7,173.93K,0.68%,479.36,481.7512985,474.805614,485.5617171,-10.7561031,84.22535211,84.52854049,-84.22535211,1,0.5,0.00677479
19-Apr-18,496.1,493,498,492,166.41K,1.16%,481.6333333,483.5448862,475.0174123,484.7415025,-9.724090213,94.25981873,89.57362036,-94.25981873,0,0.5,0.011623165
22-Apr-18,484.1,490,491,483,405.52K,-2.42%,482.46,483.6142754,475.2777357,484.4113147,-9.133578937,44.84126984,74.4421469,-44.84126984,0,0,-0.024188672
23-Apr-18,482.8,484.1,484.5,481.1,284.89K,-0.27%,482.7333333,483.512491,475.1930188,484.4224003,-9.22938157,39.68253968,59.59454275,-39.68253968,0,0,-0.002685396
24-Apr-18,474.3,485,485,473.1,557.15K,-1.76%,482.62,482.3609296,475.1063914,484.0196003,-8.913208873,5.952380952,30.15873016,-5.952380952,0,0.5,-0.017605634
25-Apr-18,473,474.9,477.7,469.4,666.37K,-0.27%,482.3866667,481.1908134,475.7555925,483.6671503,-7.911557764,12.58741259,19.40744441,-12.58741259,1,1,-0.002740881
26-Apr-18,473.3,476.9,477.9,472.8,420.03K,0.06%,482.1333333,480.2044617,477.0486434,482.8337565,-5.785113044,13.63636364,10.72538573,-13.63636364,0,0.5,0.000634249
30-Apr-18,469.6,474.1,475.8,469.2,228.34K,-0.78%,481.8,478.878904,478.167563,481.4920369,-3.324473913,1.388888889,9.204221704,-1.388888889,0,0.5,-0.007817452
3-May-18,464.1,470,470,462.2,196.52K,-1.17%,481.1066667,477.031541,478.9716176,479.8180323,-0.846414674,5.30726257,6.777505032,-5.30726257,0,0.5,-0.011712095
6-May-18,463.6,468,468,463.1,132.24K,-0.11%,479.9933333,475.3525984,479.5751654,478.2407783,1.33438716,3.910614525,3.535588661,-3.910614525,0,0.5,-0.001077354
7-May-18,462.8,464.1,465.7,461.8,276.33K,-0.17%,478.44,473.7835236,480.5157697,476.160681,4.355088765,2.762430939,3.993436011,-2.762430939,0,1,-0.001725626
8-May-18,457.3,463.1,463.1,452.9,376.43K,-1.19%,476.5266667,471.7230831,481.7512985,474.3905959,7.36070267,9.756097561,5.476381008,-9.756097561,1,0.5,-0.011884183
9-May-18,459.4,459,461.5,457,148.36K,0.46%,474.8466667,470.1826978,483.5448862,474.0542714,9.490614836,14.41241685,8.976981784,-14.41241685,1,0.5,0.004592171
10-May-18,464,459.4,465.9,457.6,91.93K,1.00%,473.5266667,469.4098605,483.6142754,474.6349875,8.979287981,24.61197339,16.2601626,-24.61197339,1,0.5,0.010013061
13-May-18,465.5,466,467.9,463,88.84K,0.32%,472.0866667,468.921128,483.512491,474.805614,8.706876984,27.93791574,22.32076866,-27.93791574,1,0.5,0.003232759
14-May-18,466,465.6,468.4,465.1,115.14K,0.11%,470.46,468.555987,482.3609296,475.0174123,7.343517361,29.04656319,27.19881744,-29.04656319,0,0.5,0.001074114
15-May-18,463.2,466,468.9,462.5,64.88K,-0.60%,468.2666667,467.8864886,481.1908134,475.2777357,5.913077691,27.03412073,28.00619989,-27.03412073,0,0.5,-0.006008584
16-May-18,452.6,463.1,463.1,451.1,254.56K,-2.29%,466.1666667,465.9756775,480.2044617,475.1930188,5.011442979,4.424778761,20.16848756,-4.424778761,0,0.5,-0.022884283
17-May-18,444.3,453,455.4,443,225.07K,-1.83%,463.6,463.2662178,478.878904,475.1063914,3.772512607,3.095238095,11.51804586,-3.095238095,0,0.5,-0.018338489
20-May-18,434.6,445,447,433,141.28K,-2.18%,460.9533333,459.6829406,477.031541,475.7555925,1.275948531,3.563474388,3.694497081,-3.563474388,0,0.5,-0.021832095
21-May-18,431.6,433,444.5,428,484.59K,-0.69%,458.1933333,456.172573,475.3525984,477.0486434,-1.696045035,7.214428858,4.624380447,-7.214428858,0,0.5,-0.006902899
22-May-18,425.4,434,436,425,266.23K,-1.44%,455,452.3260014,473.7835236,478.167563,-4.384039406,0.787401575,3.855101607,-0.787401575,1,0.5,-0.014365153
23-May-18,429.7,425.4,433,420.5,233.53K,1.01%,452.34,449.4977512,471.7230831,478.9716176,-7.24853448,18.58585859,8.862563006,-18.58585859,0,0.5,0.010108134
24-May-18,429.4,429.9,430.5,426.5,106.80K,-0.07%,450.0266667,446.9855323,470.1826978,479.5751654,-9.39246767,18.38842975,12.58722997,-18.38842975,1,0.5,-0.000698162
27-May-18,433,429.4,440,429.4,104.66K,0.84%,447.9866667,445.2373408,469.4098605,480.5157697,-11.10590921,25.82644628,20.93357821,-25.82644628,0,0.5,0.008383791
28-May-18,431.9,433,439.8,431.5,282.48K,-0.25%,445.9266667,443.5701732,468.921128,481.7512985,-12.83017056,23.55371901,22.58953168,-23.55371901,0,0.5,-0.002540416
29-May-18,428,432,433,426.5,255.33K,-0.90%,443.9733333,441.6239015,468.555987,483.5448862,-14.98889924,15.49586777,21.62534435,-15.49586777,0,0.5,-0.009029868
30-May-18,426.3,428.4,428.8,424,155.97K,-0.40%,441.7666667,439.7084138,467.8864886,483.6142754,-15.72778683,11.98347107,17.01101928,-11.98347107,0,0.5,-0.003971963
31-May-18,414.8,427.9,427.9,412.7,249.25K,-2.70%,438.4866667,436.5948621,465.9756775,483.512491,-17.53681348,3.736654804,10.40533122,-3.736654804,0,0.5,-0.026976308
3-Jun-18,402.4,415.2,415.2,400.1,220.52K,-2.99%,434.28,432.3205043,463.2662178,482.3609296,-19.0947118,3.343023256,6.354383045,-3.343023256,1,0.5,-0.029893925
4-Jun-18,407.6,405,412.8,401,227.56K,1.29%,430.3866667,429.2304413,459.6829406,481.1908134,-21.50787282,10.90116279,5.993613617,-10.90116279,0,0.5,0.012922465
5-Jun-18,405.8,409,410,405,291.73K,-0.44%,426.56,426.3016361,456.172573,480.2044617,-24.03188872,9.047619048,7.763935031,-9.047619048,0,0.5,-0.004416094
6-Jun-18,405,407,408.5,403.5,252.54K,-0.20%,423.3866667,423.6389316,452.3260014,478.878904,-26.55290263,8.860759494,9.603180444,-8.860759494,0,0.5,-0.001971414
7-Jun-18,395.3,406.9,407.9,392.2,255.92K,-2.40%,420.12,420.0965652,449.4977512,477.031541,-27.5337898,5.656934307,7.855104283,-5.656934307,0,0.5,-0.023950617
10-Jun-18,390.9,395,398.5,388,141.66K,-1.11%,417.2066667,416.4469945,446.9855323,475.3525984,-28.36706608,5.132743363,6.550145721,-5.132743363,0,0.5,-0.011130787
11-Jun-18,377,394.1,395,376,435.58K,-3.56%,413.5666667,411.5161202,445.2373408,473.7835236,-28.54618282,1.5625,4.117392556,-1.5625,0,0.5,-0.035558966
12-Jun-18,374.6,381,381.4,373.3,389.43K,-0.64%,410.18,406.9016052,443.5701732,471.7230831,-28.15290996,1.949025487,2.88142295,-1.949025487,1,0.5,-0.006366048
18-Jun-18,378.8,374.6,382,374.6,756.91K,1.12%,406.7866667,403.3889045,441.6239015,470.1826978,-28.55879622,8.245877061,3.919134183,-8.245877061,1,0.5,0.011211959
19-Jun-18,379.3,382.6,384,378.8,468.34K,0.13%,403.4466667,400.3777915,439.7084138,469.4098605,-29.70144669,8.995502249,6.396801599,-8.995502249,1,0.5,0.001319958
20-Jun-18,383.2,381.8,385.9,379.9,373.89K,1.03%,400.1266667,398.2305675,436.5948621,468.921128,-32.32626585,14.88721805,10.70953245,-14.88721805,1,0.5,0.010282099
21-Jun-18,403.4,385,405,385,1.24M,5.27%,398.2266667,398.8767466,432.3205043,468.555987,-36.23548262,50.41876047,24.76716025,-50.41876047,1,1,0.052713987
24-Jun-18,408.6,405,415,403.5,522.54K,1.29%,396.9333333,400.0921533,429.2304413,467.8864886,-38.65604729,63.6036036,42.96986071,-63.6036036,0,0.5,0.012890431
25-Jun-18,403.6,408.9,411,402,526.73K,-1.22%,395.42,400.5306341,426.3016361,465.9756775,-39.67404138,55.49450549,56.50562319,-55.49450549,0,0,-0.012236907
26-Jun-18,397.8,404,404.9,395.2,503.58K,-1.44%,394.2866667,400.1893048,423.6389316,463.2662178,-39.62728621,58.4725537,59.19022093,-58.4725537,0,0.5,-0.014370664
27-Jun-18,394.6,400,401.9,393.7,342.97K,-0.80%,393.7666667,399.4906417,420.0965652,459.6829406,-39.58637543,51.07913669,55.01539863,-51.07913669,0,0.5,-0.008044243
28-Jun-18,388.9,398,398,384.6,398.54K,-1.44%,392.52,398.1668115,416.4469945,456.172573,-39.7255785,37.41007194,48.98725411,-37.41007194,0,0.5,-0.014445008
2-Jul-18,381,390.1,390.1,380,202.22K,-2.03%,390.8666667,396.0209601,411.5161202,452.3260014,-40.80988119,18.46522782,35.65147882,-18.46522782,0,0.5,-0.020313705
3-Jul-18,376.7,381,387,375,247.53K,-1.13%,388.98,393.6058401,406.9016052,449.4977512,-42.59614604,8.153477218,21.34292566,-8.153477218,0,0.5,-0.011286089
4-Jul-18,375.4,378,381.9,374.3,146.82K,-0.35%,387.6533333,391.3301101,403.3889045,446.9855323,-43.59662779,5.035971223,10.55155875,-5.035971223,1,0.5,-0.003451022
5-Jul-18,383.9,378,390,378,135.59K,2.26%,387.1866667,390.4013463,400.3777915,445.2373408,-44.85954931,25.41966427,12.86970424,-25.41966427,1,0.5,0.022642515
8-Jul-18,387.8,387,395.1,384.1,121.30K,1.02%,387.9066667,390.076178,398.2305675,443.5701732,-45.33960565,34.77218225,21.74260592,-34.77218225,1,0.5,0.010158896
9-Jul-18,387.9,389,395,386.3,117.57K,0.03%,388.7933333,389.8041558,398.8767466,441.6239015,-42.74715494,33.41523342,31.20235998,-33.41523342,0,0.5,0.000257865
10-Jul-18,379.5,390.6,390.9,379,228.24K,-2.17%,388.84,388.5161363,400.0921533,439.7084138,-39.61626058,12.77641278,26.98794282,-12.77641278,1,0.5,-0.021655066
11-Jul-18,380.7,380,385,379.9,109.87K,0.32%,388.9333333,387.5391193,400.5306341,436.5948621,-36.064228,15.72481572,20.63882064,-15.72481572,1,0.5,0.003162055
12-Jul-18,388.5,385,390,383.5,282.24K,2.05%,389.2866667,387.6592294,400.1893048,432.3205043,-32.1311995,34.88943489,21.13022113,-34.88943489,0,0.5,0.020488574
15-Jul-18,383.1,390,390,380.5,132.90K,-1.39%,387.9333333,387.0893257,399.4906417,429.2304413,-29.73979957,21.62162162,24.07862408,-21.62162162,1,0.5,-0.013899614
16-Jul-18,388,390,402,386.3,755.49K,1.28%,386.56,387.20316,398.1668115,426.3016361,-28.13482462,37.32970027,31.28025226,-37.32970027,1,1,0.012790394
17-Jul-18,397.7,392,401,387.9,483.01K,2.50%,386.1666667,388.515265,396.0209601,423.6389316,-27.61797154,76.47058824,45.14063671,-76.47058824,1,0.5,0.025
18-Jul-18,401.2,401.9,402.5,396.6,305.02K,0.88%,386.3933333,390.1008569,393.6058401,420.0965652,-26.4907251,95.39007092,69.73011981,-95.39007092,1,1,0.008800603
19-Jul-18,401.8,401.5,405,400.1,282.49K,0.15%,386.8733333,391.5632497,391.3301101,416.4469945,-25.11688446,89.57654723,87.14573546,-89.57654723,0,0.5,0.001495513
22-Jul-18,396.6,404,405.7,395,277.69K,-1.29%,387.3866667,392.1928435,390.4013463,411.5161202,-21.1147739,71.01910828,85.32857548,-71.01910828,0,0.5,-0.012941762
23-Jul-18,395.3,396.9,398.4,392,219.97K,-0.33%,388.34,392.5812381,390.076178,406.9016052,-16.82542717,66.87898089,75.8248788,-66.87898089,0,0.5,-0.003277862
24-Jul-18,393.9,395.4,397,393,153.59K,-0.35%,389.4866667,392.7460833,389.8041558,403.3889045,-13.58474877,62.42038217,66.77282378,-62.42038217,0,0.5,-0.003541614
25-Jul-18,390.4,396.9,397,390,153.26K,-0.89%,390.4866667,392.4528229,388.5161363,400.3777915,-11.86165517,44.76534296,58.02156867,-44.76534296,0,0.5,-0.008885504
26-Jul-18,386.4,391,392,385.4,180.97K,-1.02%,390.6533333,391.69622,387.5391193,398.2305675,-10.69144828,27.71535581,44.96702698,-27.71535581,1,0.5,-0.010245902
29-Jul-18,389.4,386.2,390.5,386.2,63.34K,0.78%,390.76,391.4091925,387.6592294,398.8767466,-11.21751724,38.95131086,37.14400321,-38.95131086,0,0.5,0.007763975
30-Jul-18,388.9,390.2,393.9,387.1,92.83K,-0.13%,390.8266667,391.0955435,387.0893257,400.0921533,-13.00282759,37.07865169,34.58177278,-37.07865169,1,0.5,-0.001284027
31-Jul-18,390.2,388.1,392.7,388,128.99K,0.33%,391.54,390.9836005,387.20316,400.5306341,-13.32747414,39.92248062,38.65081439,-39.92248062,1,0.5,0.003342762
1-Aug-18,392.4,392.9,393.9,390.1,145.32K,0.56%,392.32,391.1606505,388.515265,400.1893048,-11.67403987,47.22222222,41.40778484,-47.22222222,0,0.5,0.005638134
2-Aug-18,389.4,390,393,387.2,161.39K,-0.76%,392.38,390.9405692,390.1008569,399.4906417,-9.389784888,35.31746032,40.82072105,-35.31746032,0,0.5,-0.00764526
5-Aug-18,389.4,389.4,389.4,389.4,-,0.00%,392.8,390.747998,391.5632497,398.1668115,-6.603561777,19.7044335,34.08137201,-19.7044335,0,1,0
6-Aug-18,376.6,380.1,380.1,373,190.32K,-3.29%,392.04,388.9794983,392.1928435,396.0209601,-3.828116555,11.00917431,22.01035604,-11.00917431,1,0.5,-0.032871084
7-Aug-18,381.1,376,383,375.2,133.10K,1.19%,390.9333333,387.994561,392.5812381,393.6058401,-1.024601985,24.7706422,18.49475,-24.7706422,0,0.5,0.011949018
8-Aug-18,374.1,381.5,382.1,373.4,295.31K,-1.84%,389.1266667,386.2577409,392.7460833,391.3301101,1.415973263,3.363914373,13.0479103,-3.363914373,0,0.5,-0.018367882
9-Aug-18,363.8,374.2,374.2,359.2,409.95K,-2.75%,386.5933333,383.4505233,392.4528229,390.4013463,2.051476605,9.892473118,12.67567656,-9.892473118,0,0.5,-0.027532745
12-Aug-18,353.9,364,366,350.6,397.62K,-2.72%,383.7466667,379.7567078,391.69622,390.076178,1.620042029,6.90376569,6.720051061,-6.90376569,1,0,-0.027212754
13-Aug-18,358.2,353.9,360.3,352.5,136.25K,1.22%,381.2733333,377.0621194,391.4091925,389.8041558,1.605036776,16.37931034,11.05851638,-16.37931034,1,0.5,0.012150325
14-Aug-18,366.6,359.6,368.2,359.3,168.89K,2.35%,379.4533333,375.7543544,391.0955435,388.5161363,2.579407179,34.48275862,19.25527822,-34.48275862,1,0.5,0.023450586
16-Aug-18,375,369.5,377.2,368,162.47K,2.29%,378.4266667,375.6600601,390.9836005,387.5391193,3.444481281,56.35103926,35.73770274,-56.35103926,0,1,0.022913257
19-Aug-18,373.8,375,379,373.6,81.25K,-0.32%,377.5866667,375.4275526,391.1606505,387.6592294,3.501421121,53.57967667,48.13782485,-53.57967667,1,1,-0.0032
20-Aug-18,375.4,374,376.8,370,78.54K,0.43%,376.6533333,375.4241085,390.9405692,387.0893257,3.851243481,57.27482679,55.73518091,-57.27482679,1,0.5,0.004280364
26-Aug-18,377.7,375,378.9,375,62.58K,0.61%,375.9066667,375.708595,390.747998,387.20316,3.544838046,62.58660508,57.81370285,-62.58660508,1,0.5,0.006126798
27-Aug-18,383,377.7,384.9,377.7,136.06K,1.40%,375.4266667,376.6200206,388.9794983,388.515265,0.46423329,74.82678984,64.8960739,-74.82678984,1,0.5,0.014032301
28-Aug-18,389.9,383.5,391.2,383.5,180.03K,1.80%,375.26,378.280018,387.994561,390.1008569,-2.106295871,92.68867925,76.70069139,-92.68867925,0,0.5,0.018015666
29-Aug-18,387.4,391.5,392.9,385.6,164.35K,-0.64%,375.1266667,379.4200158,386.2577409,391.5632497,-5.305508887,86.99763593,84.83770167,-86.99763593,0,0.5,-0.0064119
30-Aug-18,386.6,385.2,388.5,385.2,140.25K,-0.21%,374.94,380.3175138,383.4505233,392.1928435,-8.742320276,85.10638298,88.26423272,-85.10638298,1,0.5,-0.002065049
3-Sep-18,386.9,387,388,385.5,138.82K,0.08%,375.6266667,381.1403246,379.7567078,392.5812381,-12.82453024,85.81560284,85.97320725,-85.81560284,1,0.5,0.000775996
4-Sep-18,387.8,385.6,390.8,385.5,118.84K,0.23%,376.0733333,381.972784,377.0621194,392.7460833,-15.68396396,87.94326241,86.28841608,-87.94326241,1,0.5,0.002326182
5-Sep-18,388.4,389,390,385.8,151.73K,0.15%,377.0266667,382.776186,375.7543544,392.4528229,-16.69846847,89.36170213,87.70685579,-89.36170213,0,0.5,0.001547189
6-Sep-18,384.1,388.5,389.7,380.4,183.65K,-1.11%,378.38,382.9416628,375.6600601,391.69622,-16.03615991,79.19621749,85.50039401,-79.19621749,0,0.5,-0.011071061
9-Sep-18,380.1,384,385,378.1,160.90K,-1.04%,380.1266667,382.5864549,375.4275526,391.4091925,-15.98163992,68.31683168,78.95825043,-68.31683168,0,0.5,-0.010413955
10-Sep-18,378.9,380,382.1,378.5,190.53K,-0.32%,381.5066667,382.125648,375.4241085,391.0955435,-15.67143493,58.33333333,68.61546084,-58.33333333,1,0.5,-0.003157064
11-Sep-18,380.8,380,382,380,105.10K,0.50%,382.4533333,381.959942,375.708595,390.9836005,-15.27500556,51.40562249,59.35192917,-51.40562249,0,0.5,0.005014516
12-Sep-18,376.7,380.2,382,374,161.25K,-1.08%,382.5666667,381.3024493,376.6200206,391.1606505,-14.54062987,29.25764192,46.33219925,-29.25764192,0,0.5,-0.010766807
13-Sep-18,370.6,378,378,369.8,149.43K,-1.62%,382.3533333,379.9646431,378.280018,390.9405692,-12.66055113,3.463203463,28.04215596,-3.463203463,0,1,-0.016193257
16-Sep-18,368,373,373,366.5,92.97K,-0.70%,381.86,378.4690627,379.4200158,390.747998,-11.32798224,5.681818182,12.80088786,-5.681818182,0,0.5,-0.00701565
17-Sep-18,368,369,370,366.7,86.85K,0.00%,381.2133333,377.1604299,380.3175138,388.9794983,-8.661984462,5.681818182,4.942279942,-5.681818182,0,0,0
18-Sep-18,363.8,368.1,372.6,362.9,143.88K,-1.14%,379.9333333,375.4903762,381.1403246,387.994561,-6.854236405,3,4.787878788,-3,0,0.5,-0.011413043
19-Sep-18,361.2,364.6,365.9,360,211.30K,-0.71%,378.02,373.7040791,381.972784,386.2577409,-4.284956854,3.647416413,4.109744865,-3.647416413,0,0.5,-0.007146784
20-Sep-18,357.3,361.5,363,353.1,439.47K,-1.08%,376.0133333,371.6535692,382.776186,383.4505233,-0.674337247,11.14058355,5.929333323,-11.14058355,1,0.5,-0.010797342
23-Sep-18,363.2,358.2,371.9,356,242.38K,1.65%,374.4533333,370.5968731,382.9416628,379.7567078,3.184954909,26.79045093,13.85948363,-26.79045093,0,0.5,0.016512734
24-Sep-18,363,368,368,360.4,171.82K,-0.06%,372.86,369.647264,382.5864549,377.0621194,5.524335545,26.25994695,21.39699381,-26.25994695,1,0.5,-0.000550661
25-Sep-18,364.8,363.1,365.4,359.1,105.90K,0.50%,371.3266667,369.041356,382.125648,375.7543544,6.371293602,31.70731707,28.25257165,-31.70731707,1,0.5,0.004958678
26-Sep-18,368.4,367,369.3,365.5,151.01K,0.99%,369.9933333,368.9611865,381.959942,375.6600601,6.299881902,41.80327869,33.25684757,-41.80327869,0,0.5,0.009868421
27-Sep-18,367.1,366.2,368.8,366.2,77.41K,-0.35%,368.86,368.7285382,381.3024493,375.4275526,5.874896664,43.88714734,39.13258103,-43.88714734,1,1,-0.003528773
30-Sep-18,370.4,367.1,372,365,141.13K,0.90%,368.2133333,368.9374709,379.9646431,375.4241085,4.540534581,59.65517241,48.44853281,-59.65517241,1,0.5,0.008989376
1-Oct-18,371.9,372.4,379.8,371,258.84K,0.40%,367.7466667,369.307787,378.4690627,375.708595,2.760467758,65.05190311,56.19807429,-65.05190311,0,0.5,0.004049676
2-Oct-18,370.9,372,373,370.5,164.85K,-0.27%,367.0866667,369.5068136,377.1604299,376.6200206,0.540409289,61.5916955,62.09959034,-61.5916955,0,0.5,-0.002688895
3-Oct-18,370.9,368.6,372,368.6,160.44K,0.00%,366.7,369.6809619,375.4903762,378.280018,-2.789641872,66.66666667,64.43675509,-66.66666667,0,0.5,0
4-Oct-18,365.3,374.9,374.9,364,220.04K,-1.51%,366.3466667,369.1333417,373.7040791,379.4200158,-5.715936638,45.6928839,57.98374869,-45.6928839,0,0.5,-0.015098409
7-Oct-18,361.7,365.1,368.9,360,178.08K,-0.99%,365.9266667,368.204174,371.6535692,380.3175138,-8.663944559,32.20973783,48.1897628,-32.20973783,0,0,-0.009854914
8-Oct-18,359.6,364.8,365,357.8,434.65K,-0.58%,365.3666667,367.1286522,370.5968731,381.1403246,-10.54345149,24.34456929,34.082397,-24.34456929,1,0.5,-0.005805917
9-Oct-18,362.7,359.6,368.9,359.6,136.23K,0.86%,365.2933333,366.5750707,369.647264,381.972784,-12.32552005,35.95505618,30.83645443,-35.95505618,0,0.5,0.00862069
10-Oct-18,362.3,363,366.7,361,164.03K,-0.11%,365.3666667,366.0406869,369.041356,382.776186,-13.73483005,34.45692884,31.5855181,-34.45692884,1,0.5,-0.00110284
11-Oct-18,364.2,362.3,366,361.1,236.48K,0.52%,365.8266667,365.810601,368.9611865,382.9416628,-13.98047629,34.45378151,34.95525551,-34.45378151,0,0.5,0.005244273
14-Oct-18,363.3,365.5,365.5,362.2,78.25K,-0.25%,365.8333333,365.4967759,368.7285382,382.5864549,-13.85791675,25,31.30357012,-25,0,0.5,-0.00247117
15-Oct-18,362.6,364,366.1,362,148.00K,-0.19%,365.8066667,365.1346789,368.9374709,382.125648,-13.18817716,21.81818182,27.09065444,-21.81818182,0,0.5,-0.001926782
16-Oct-18,362.4,362.6,364.3,361.8,78.56K,-0.06%,365.6466667,364.792844,369.307787,381.959942,-12.65215501,20.90909091,22.57575758,-20.90909091,1,0.5,-0.000551572
17-Oct-18,363.6,362.6,364.3,362.5,109.55K,0.33%,365.3266667,364.6437385,369.5068136,381.3024493,-11.79563564,26.36363636,23.03030303,-26.36363636,0,0.5,0.003311258
18-Oct-18,363.2,364,364.1,362.2,58.85K,-0.11%,365.0666667,364.4632712,369.6809619,379.9646431,-10.28368118,24.54545455,23.93939394,-24.54545455,1,0.5,-0.00110011
21-Oct-18,363.8,363.2,366,362.5,56.73K,0.17%,364.6266667,364.3803623,369.1333417,378.4690627,-9.335721035,27.27272727,26.06060606,-27.27272727,0,0.5,0.001651982
22-Oct-18,363.1,363.8,366.8,361,76.71K,-0.19%,364.04,364.220317,368.204174,377.1604299,-8.956255906,30.99415205,27.60411129,-30.99415205,1,0.5,-0.001924134
23-Oct-18,370.2,365,372.9,365,264.35K,1.96%,363.9933333,364.9677774,367.1286522,375.4903762,-8.361723918,72.51461988,43.59383307,-72.51461988,1,0.5,0.019553842
24-Oct-18,379,372,380,372,294.14K,2.38%,364.5333333,366.7218052,366.5750707,373.7040791,-7.129008428,95.4954955,66.33475581,-95.4954955,1,1,0.023770935
25-Oct-18,383,381,384.8,375,266.69K,1.06%,365.7133333,368.7565796,366.0406869,371.6535692,-5.612882374,93.33333333,87.1144829,-93.33333333,0,0.5,0.01055409
28-Oct-18,382.3,383,387,379.2,198.44K,-0.18%,367.0866667,370.4495071,365.810601,370.5968731,-4.786272078,83.90410959,90.91097947,-83.90410959,0,0.5,-0.001827676
29-Oct-18,382.1,384,384,380.1,229.10K,-0.05%,368.5866667,371.9058187,365.4967759,369.647264,-4.150488068,82.11678832,86.45141041,-82.11678832,0,0.5,-0.000523149
30-Oct-18,380.2,383,385.5,379,166.42K,-0.50%,369.7533333,372.9425914,365.1346789,369.041356,-3.906677059,73.84615385,79.95568392,-73.84615385,0,0.5,-0.00497252
31-Oct-18,379.8,380.5,381.9,379,156.97K,-0.11%,370.92,373.7997675,364.792844,368.9611865,-4.168342427,72.30769231,76.09021149,-72.30769231,1,1,-0.001052078
1-Nov-18,380.1,379.1,381,379,79.61K,0.08%,371.98,374.5872965,364.6437385,368.7285382,-4.084799624,73.46153846,73.20512821,-73.46153846,0,0.5,0.000789889
4-Nov-18,378.2,382,382,378,68.70K,-0.50%,372.9733333,375.0388845,364.4632712,368.9374709,-4.474199671,66.15384615,70.64102564,-66.15384615,0,0.5,-0.004998685
5-Nov-18,376.8,380,380,375.5,83.14K,-0.37%,373.92,375.2590239,364.3803623,369.307787,-4.927424712,60.76923077,66.79487179,-60.76923077,0,0.5,-0.003701745
6-Nov-18,374.9,376,376,374.1,89.34K,-0.50%,374.7533333,375.2141459,364.220317,369.5068136,-5.286496623,53.46153846,60.12820513,-53.46153846,1,0.5,-0.005042463
7-Nov-18,376.5,375,390,373.5,117.74K,0.43%,375.6133333,375.3748777,364.9677774,369.6809619,-4.713184545,53.44827586,55.89301503,-53.44827586,1,0.5,0.004267805
8-Nov-18,376.6,376.5,378.2,375,55.49K,0.03%,376.5066667,375.528018,366.7218052,369.1333417,-2.411536477,53.79310345,53.56763926,-53.79310345,1,0.5,0.000265604
11-Nov-18,379.6,376.7,380.5,375.7,64.70K,0.80%,377.56,376.0370157,368.7565796,368.204174,0.552405583,64.13793103,57.12643678,-64.13793103,0,0.5,0.007966012
12-Nov-18,375.4,379,380,375,134.76K,-1.11%,378.38,375.9573888,370.4495071,367.1286522,3.320854885,41.6,53.17701149,-41.6,1,0.5,-0.011064278
13-Nov-18,376.4,377.5,378,375.2,51.70K,0.27%,378.7933333,376.0127152,371.9058187,366.5750707,5.330748024,24.44444444,43.39412516,-24.44444444,0,0.5,0.002663825
14-Nov-18,367.5,376.5,376.5,366.1,161.38K,-2.36%,378.0266667,374.9486258,372.9425914,366.0406869,6.901904521,5.857740586,23.96739501,-5.857740586,0,0.5,-0.023645058
15-Nov-18,367.5,368,369.5,367,62.71K,0.00%,376.9933333,374.0175475,373.7997675,365.810601,7.989166456,5.857740586,12.05330854,-5.857740586,0,0.5,0
18-Nov-18,365.1,368.8,369.9,364.7,139.11K,-0.65%,375.8466667,372.9028541,374.5872965,365.4967759,9.090520649,1.581027668,4.432169613,-1.581027668,0,0.5,-0.006530612
19-Nov-18,359.9,365.1,365.1,357.5,334.27K,-1.42%,374.3666667,371.2774973,375.0388845,365.1346789,9.904205568,7.384615385,4.941127879,-7.384615385,0,0.5,-0.014242673
20-Nov-18,356.8,359.9,359.9,352.3,369.14K,-0.86%,372.8066667,369.4678102,375.2590239,364.792844,10.46617987,11.93633952,6.967327525,-11.93633952,1,0.5,-0.008613504
22-Nov-18,364.1,358.2,365,355.6,141.50K,2.05%,371.76,368.7968339,375.2141459,364.6437385,10.57040739,31.29973475,16.87356322,-31.29973475,0,0.5,0.020459641
25-Nov-18,361.6,364.5,364.5,360,130.64K,-0.69%,370.5266667,367.8972297,375.3748777,364.4632712,10.91160646,24.66843501,22.63483643,-24.66843501,0,0.5,-0.006866246
26-Nov-18,361.6,361.1,364.3,360,123.24K,0.00%,369.42,367.110076,375.528018,364.3803623,11.14765566,24.66843501,26.87886826,-24.66843501,1,0.5,0
27-Nov-18,366,362.8,367.4,361,95.71K,1.22%,368.7,366.9713165,376.0370157,364.220317,11.8166987,36.33952255,28.55879752,-36.33952255,1,0.5,0.012168142
28-Nov-18,367.4,366.2,369.2,365,102.19K,0.38%,368.2,367.0249019,375.9573888,364.9677774,10.98961136,40.0530504,33.68700265,-40.0530504,0,0.5,0.003825137
29-Nov-18,362.7,366.7,366.7,361.3,124.90K,-1.28%,367.28,366.4842892,376.0127152,366.7218052,9.290909942,36.87943262,37.75733519,-36.87943262,0,0.5,-0.012792597
2-Dec-18,360.4,363.4,363.9,359.5,60.28K,-0.63%,366.2,365.723753,374.9486258,368.7565796,6.192046199,28.72340426,35.21862909,-28.72340426,1,0.5,-0.006341329
3-Dec-18,360.6,360.2,363,360,40.03K,0.06%,364.9333333,365.0832839,374.0175475,370.4495071,3.568040424,29.96389892,31.8555786,-29.96389892,1,0.5,0.000554939
4-Dec-18,362.4,360.1,364.9,360,89.40K,0.50%,364.0666667,364.7478734,372.9028541,371.9058187,0.997035371,39.29961089,32.66230469,-39.29961089,0,0.5,0.004991681
5-Dec-18,360.8,362.4,363.5,360,171.18K,-0.44%,363.0266667,364.2543892,371.2774973,372.9425914,-1.66509405,35.12396694,34.79582558,-35.12396694,1,0.5,-0.004415011
6-Dec-18,362.9,362,363.7,360.1,106.66K,0.58%,362.72,364.0850906,369.4678102,373.7997675,-4.331957294,60.22727273,44.88361685,-60.22727273,0,0.5,0.005820399
9-Dec-18,362,363.6,363.6,361.3,48.59K,-0.25%,362.3533333,363.8244543,368.7968339,374.5872965,-5.790462632,55.11363636,50.15495868,-55.11363636,0,0.5,-0.002480022
10-Dec-18,359.7,362.1,362.1,359,104.41K,-0.64%,361.9933333,363.3088975,367.8972297,375.0388845,-7.141654803,43.78698225,53.04263045,-43.78698225,0,0.5,-0.006353591
11-Dec-18,355.5,359.7,360.5,354.7,211.47K,-1.17%,361.7,362.3327853,367.110076,375.2590239,-8.148947953,18.93491124,39.27850995,-18.93491124,0,0.5,-0.011676397
12-Dec-18,354.9,355.5,357,354.6,77.28K,-0.17%,361.5733333,361.4036871,366.9713165,375.2141459,-8.242829459,2.054794521,21.59222934,-2.054794521,1,0.5,-0.001687764
13-Dec-18,356.3,354.9,357.8,353.8,42.18K,0.39%,361.0533333,360.7657262,367.0249019,375.3748777,-8.349975776,16.23376623,12.407824,-16.23376623,1,0.5,0.003944773
17-Dec-18,358.9,356.3,359.8,356.3,146.07K,0.73%,360.8733333,360.5325105,366.4842892,375.528018,-9.043728804,33.11688312,17.13514796,-33.11688312,1,0.5,0.007297221
18-Dec-18,359.6,360.5,360.5,358,127.74K,0.20%,360.74,360.4159466,365.723753,376.0370157,-10.3132627,37.66233766,29.004329,-37.66233766,0,0.5,0.001950404
19-Dec-18,356.5,360.5,360.5,356.1,60.44K,-0.86%,360.1066667,359.9264533,365.0832839,375.9573888,-10.87410487,17.53246753,29.43722944,-17.53246753,1,0.5,-0.00862069
20-Dec-18,356.8,356,359.7,356,47.32K,0.08%,359.4,359.5356467,364.7478734,376.0127152,-11.26484176,23.25581395,26.15020638,-23.25581395,1,0.5,0.000841515
23-Dec-18,359.6,356.1,360,356,52.66K,0.78%,359.1933333,359.5436908,364.2543892,374.9486258,-10.69423654,52.25225225,31.01351125,-52.25225225,1,0.5,0.007847534
24-Dec-18,360.4,360,361.9,359.7,162.75K,0.22%,359.1933333,359.6507295,364.0850906,374.0175475,-9.932456971,59.45945946,44.98917522,-59.45945946,1,0.5,0.002224694
26-Dec-18,361,360.5,361.5,360.3,105.65K,0.17%,359.22,359.8193883,363.8244543,372.9028541,-9.078399849,64.86486486,58.85885886,-64.86486486,1,0.5,0.001664817
27-Dec-18,367.3,361,382,360.3,285.13K,1.75%,359.5466667,360.7544647,363.3088975,371.2774973,-7.968599868,47.87234043,57.39888825,-47.87234043,0,0.5,0.017451524
