Date,Price,Open,High,Low,Vol.,Change %,moving average,EMA,EMA(12),EMA(26),MACD,K,D,R,trend,sentiment,return
1-Jan-18,282.06,282.15,283.18,280.47,187.51K,0.00%,282.06,282.06,282.06,282.06,0,0,0,0,0,0.5,0.070030349
2-Jan-18,284.3,282.06,285.05,282.06,387.57K,0.79%,283.68,282.34,282.34,282.34,0,83.62445415,41.81222707,16.37554585,1,0.5,0.007941573
3-Jan-18,287.38,284.3,287.85,284.11,412.72K,1.08%,284.9133333,282.97,282.97,282.97,0,93.63143631,59.08529682,6.368563686,1,0.5,0.010833626
4-Jan-18,285.33,287.48,288.5,284.11,329.64K,-0.71%,285.0175,283.265,283.265,283.265,0,60.52303861,79.25964302,39.47696139,0,0.5,-0.007133412
7-Jan-18,284.3,285.89,286.92,283.55,184.50K,-0.36%,284.874,283.394375,283.394375,283.394375,0,47.69613948,67.28353813,52.30386052,0,0.5,-0.003609855
8-Jan-18,283.27,284.95,285.05,282.24,386.19K,-0.36%,284.6066667,283.3788281,283.3788281,283.3788281,0,34.86924035,47.69613948,65.13075965,0,0.5,-0.003622934
9-Jan-18,284.02,283.36,284.11,282.52,400.50K,0.26%,284.5228571,283.4589746,283.4589746,283.4589746,0,44.20921544,42.25819842,55.79078456,1,0.5,0.002647651
10-Jan-18,285.61,284.95,287.29,284.11,273.16K,0.56%,284.65875,283.7278528,283.7278528,283.7278528,0,64.00996264,47.69613948,35.99003736,1,0.5,0.005598197
11-Jan-18,286.92,285.42,287.85,285.42,834.87K,0.46%,284.91,284.1268712,284.1268712,284.1268712,0,80.3237858,62.84765463,19.6762142,1,0.5,0.004586674
14-Jan-18,286.07,286.92,287.38,285.05,304.33K,-0.30%,285.026,284.3697623,284.3697623,284.3697623,0,69.7384807,71.35740971,30.2615193,0,0.5,-0.002962498
15-Jan-18,288.41,286.07,289.16,285.98,1.06M,0.82%,285.3336364,284.874792,284.874792,284.874792,0,91.3693901,80.47721887,8.630609896,1,0.5,0.008179816
16-Jan-18,290.09,287.85,290.65,287.76,746.83K,0.58%,285.73,285.526693,282.06,285.526693,-3.466693001,94.49901768,85.20229616,5.500982318,1,0.5,0.005825041
17-Jan-18,295.33,290.65,299.16,290.65,1.73M,1.81%,286.4684615,286.7521064,282.34,286.7521064,-4.412106376,79.50775816,88.45872198,20.49224184,1,0.5,0.01806336
18-Jan-18,302.15,294.39,302.8,294.39,1.50M,2.31%,287.5885714,288.6768431,282.97,288.6768431,-5.706843079,97.08911778,90.36529787,2.910882221,1,0.5,0.023092811
21-Jan-18,302.71,302.52,304.11,300.09,938.39K,0.19%,288.5966667,290.4309877,283.265,290.4309877,-7.165987694,94.07783418,90.22490337,5.922165821,1,0.5,0.001853384
22-Jan-18,311.96,303.74,313.08,302.71,2.00M,3.06%,290.59,293.1221142,283.394375,293.1221142,-9.727739232,96.38942618,95.85212604,3.610573823,1,0.5,0.030557299
23-Jan-18,311.4,313.08,313.08,306.54,1.45M,-0.18%,292.3966667,295.40685,283.3788281,295.40685,-12.02802183,94.55252918,95.00659651,5.447470817,0,0.5,-0.001795102
24-Jan-18,308.41,311.21,311.4,306.73,889.93K,-0.96%,293.7986667,297.0322437,283.4589746,297.0322437,-13.5732691,84.85732815,91.9330945,15.14267185,0,1,-0.009601798
25-Jan-18,307.94,308.5,308.5,303.74,698.73K,-0.15%,295.306,298.3957132,283.7278528,298.3957132,-14.66786046,83.33333333,87.58106355,16.66666667,0,0.5,-0.001523945
28-Jan-18,303.08,307.94,307.94,299.07,722.87K,-1.58%,296.558,298.9812491,284.1268712,298.9812491,-14.8543779,67.57457847,78.58841332,32.42542153,0,0.5,-0.015782295
29-Jan-18,308.41,303.08,308.88,300.93,682.92K,1.76%,298.234,300.159843,284.3697623,300.159843,-15.79008067,84.71858639,78.54216606,15.28141361,1,1,0.017586116
30-Jan-18,305.7,310.09,310.19,304.67,225.18K,-0.88%,299.6793333,300.8523626,284.874792,300.8523626,-15.97757058,74.52537107,75.60617864,25.47462893,0,0.5,-0.008787004
31-Jan-18,304.67,307.48,307.48,298.88,822.98K,-0.34%,300.95,301.3295673,285.526693,301.3295673,-15.80287426,69.99643239,76.41346328,30.00356761,0,0.5,-0.003369316
1-Feb-18,305.7,305.61,307.01,303.93,369.04K,0.34%,302.202,301.8758714,286.7521064,301.8758714,-15.12376498,73.67106671,72.73095673,26.32893329,1,0.5,0.003380707
4-Feb-18,304.3,306.26,306.35,303.93,404.57K,-0.46%,303.4173333,302.1788874,288.6768431,302.1788874,-13.50204436,67.60147601,70.42299171,32.39852399,0,0.5,-0.004579653
5-Feb-18,303.55,305.42,305.42,299.07,566.79K,-0.25%,304.4266667,302.3502765,290.4309877,282.06,8.370987694,62.36176935,67.87810403,37.63823065,0,0.5,-0.002464673
6-Feb-18,303.46,305.05,306.07,302.9,286.18K,-0.03%,305.318,302.4889919,293.1221142,282.34,10.78211423,57.11101204,62.3580858,42.88898796,0,0.5,-0.000296492
7-Feb-18,303.93,301.96,305.61,301.87,388.32K,0.15%,305.8913333,302.6691179,295.40685,282.97,12.43684995,51.04333868,56.83870669,48.95666132,1,0.5,0.001548804
8-Feb-18,305.61,303.74,306.17,303.74,501.20K,0.55%,306.122,303.0367282,297.0322437,283.265,13.76724371,47.3943662,51.84957231,52.6056338,1,0.5,0.005527589
11-Feb-18,308.41,306.07,308.78,305.7,505.65K,0.92%,306.502,303.7083872,298.3957132,283.394375,15.00133825,67.11267606,55.18346031,32.88732394,1,0.5,0.009162004
12-Feb-18,305.98,310.28,310.28,304.86,638.76K,-0.79%,306.1033333,303.9923388,298.9812491,283.3788281,15.60242096,50,54.83568075,50,0,0.5,-0.007879122
13-Feb-18,305.05,305.79,306.45,304.58,302.04K,-0.30%,305.68,304.1245464,300.159843,283.4589746,16.70086834,49.28115016,55.46460874,50.71884984,0,0.5,-0.003039414
14-Feb-18,303.74,305.61,305.61,303.36,369.30K,-0.43%,305.3686667,304.0764781,300.8523626,283.7278528,17.1245098,42.63157895,47.30424304,57.36842105,0,1,-0.004294378
15-Feb-18,302.71,304.21,304.21,302.52,373.43K,-0.34%,305.02,303.9056684,301.3295673,284.1268712,17.20269608,33.59649123,41.83640678,66.40350877,0,0.5,-0.003391058
18-Feb-18,302.43,302.52,302.8,300.93,229.72K,-0.09%,304.9766667,303.7212098,301.8758714,284.3697623,17.50610907,31.14035088,35.78947368,68.85964912,0,0.5,-0.000924978
19-Feb-18,300.75,302.06,303.64,300.47,243.33K,-0.56%,304.466,303.3498086,302.1788874,284.874792,17.30409543,16.40350877,27.04678363,83.59649123,0,0.5,-0.005555004
20-Feb-18,298.97,302.71,302.8,298.6,479.94K,-0.59%,304.0173333,302.8023325,302.3502765,285.526693,16.8235835,3.167808219,16.90388929,96.83219178,0,0.5,-0.005918537
22-Feb-18,297.01,302.62,302.62,296.26,480.52K,-0.66%,303.5066667,302.078291,302.4889919,286.7521064,15.73688557,5.349500713,8.306939235,94.65049929,0,0.5,-0.006555842
25-Feb-18,291.87,300,300,291.21,778.89K,-1.73%,302.5846667,300.8022546,302.6691179,288.6768431,13.99227487,3.460933403,3.992747445,96.5390666,0,0.5,-0.017305815
26-Feb-18,288.69,292.06,292.06,287.66,551.32K,-1.09%,301.544,299.2882228,303.0367282,290.4309877,12.60574051,4.553492485,4.4546422,95.44650752,0,0.5,-0.010895262
27-Feb-18,294.11,290.19,295.23,288.69,414.13K,1.88%,300.9146667,298.6409449,303.7083872,293.1221142,10.58627295,28.51458886,12.17633825,71.48541114,1,0.5,0.018774464
28-Feb-18,292.8,294.11,295.33,290.37,389.48K,-0.45%,300.204,297.9108268,303.9923388,295.40685,8.585488829,22.72325376,18.5971117,77.27674624,0,0.5,-0.004454116
1-Mar-18,295.42,294.39,297.57,292.34,263.67K,0.89%,299.6366667,297.5994735,304.1245464,297.0322437,7.092302725,34.30592396,28.51458886,65.69407604,1,0,0.008948087
4-Mar-18,296.64,295.42,299.53,295.33,226.64K,0.41%,299.0386667,297.4795393,304.0764781,298.3957132,5.680764885,39.69938108,32.24285293,60.30061892,1,0.5,0.004129714
5-Mar-18,295.51,296.82,297.66,293.46,125.96K,-0.38%,298.1786667,297.2333469,303.9056684,298.9812491,4.924419274,34.70380195,36.23636899,65.29619805,0,0.5,-0.003809331
6-Mar-18,296.54,297.2,297.2,294.21,251.90K,0.35%,297.5493333,297.1466785,303.7212098,300.159843,3.561366865,47.25918042,40.55412115,52.74081958,1,0.5,0.0034855
7-Mar-18,295.98,297.2,297.85,295.79,103.75K,-0.19%,296.9446667,297.0008437,303.3498086,300.8523626,2.497446007,46.35097493,42.7713191,53.64902507,0,0.5,-0.001888447
8-Mar-18,295.42,295.98,297.2,293.08,333.33K,-0.19%,296.39,296.8032382,302.8023325,301.3295673,1.472765256,46.88821752,46.83279096,53.11178248,0,0.5,-0.00189202
11-Mar-18,295.14,294.86,295.7,294.21,133.56K,-0.09%,295.8853333,296.5953335,302.078291,301.8758714,0.202419599,46.80851064,46.6825677,53.19148936,0,0.5,-0.000947803
12-Mar-18,293.08,296.07,296.07,292.34,195.99K,-0.70%,295.262,296.1559168,300.8022546,302.1788874,-1.376632851,33.91739675,42.53804164,66.08260325,0,0.5,-0.006979738
13-Mar-18,291.5,293.18,293.36,289.72,219.60K,-0.54%,294.6453333,295.5739272,299.2882228,302.3502765,-3.062053745,25.36327609,35.36306116,74.63672391,0,0.5,-0.00539102
14-Mar-18,293.08,291.59,293.74,291.5,199.79K,0.54%,294.2526667,295.2621863,298.6409449,302.4889919,-3.848047026,36.22994652,31.83687312,63.77005348,1,0.5,0.00542024
15-Mar-18,294.67,293.93,295.79,291.68,228.42K,0.54%,294.0966667,295.188163,297.9108268,302.6691179,-4.758291148,56.80713128,39.46678463,43.19286872,1,0.5,0.00542514
18-Mar-18,295.42,295.05,296.26,294.49,170.90K,0.25%,294.3333333,295.2171426,297.5994735,303.0367282,-5.437254755,65.37489469,52.80399083,34.62510531,1,0.5,0.00254522
19-Mar-18,293.74,295.42,295.42,293.27,190.48K,-0.57%,294.67,295.0324998,297.4795393,303.7083872,-6.22884791,46.58671587,56.25624728,53.41328413,0,0.5,-0.005686819
20-Mar-18,293.27,294.3,294.3,292.52,190.83K,-0.16%,294.614,294.8121873,297.2333469,303.9923388,-6.758991922,36.18756371,49.38305809,63.81243629,0,0.5,-0.001600054
21-Mar-18,292.24,295.79,295.79,291.59,400.16K,-0.35%,294.5766667,294.4906639,297.1466785,304.1245464,-6.977867931,25.68807339,36.15411766,74.31192661,0,1,-0.003512122
22-Mar-18,291.59,293.46,294.77,289.72,262.76K,-0.22%,294.3213333,294.1280809,297.0008437,304.0764781,-7.07563444,19.06218145,26.97927285,80.93781855,0,1,-0.002224199
25-Mar-18,291.59,292.06,293.36,291.31,116.82K,0.00%,293.9846667,293.8108208,296.8032382,303.9056684,-7.102430135,23.00123001,22.58382828,76.99876999,0,0.5,0
27-Mar-18,288.04,290.84,291.4,287.85,333.42K,-1.22%,293.4866667,293.0894682,296.5953335,303.7212098,-7.125876368,1.9,14.65447049,98.1,0,0.5,-0.012174629
28-Mar-18,284.86,287.94,289.53,284.11,505.16K,-1.10%,292.708,292.0607847,296.1559168,303.3498086,-7.193891822,5.458515284,10.1199151,94.54148472,0,0.5,-0.011040133
29-Mar-18,289.72,284.39,293.46,284.39,605.91K,1.71%,292.2906667,291.7681866,295.5739272,302.8023325,-7.228405344,42.85714286,16.73855271,57.14285714,1,0.5,0.017061012
1-Apr-18,292.06,290.65,294.3,290.56,201.69K,0.81%,292.0666667,291.8046633,295.2621863,302.078291,-6.816104676,65.43209877,37.91591897,34.56790123,1,0.5,0.008076764
2-Apr-18,294.39,292.99,295.51,292.06,358.40K,0.80%,292.0166667,292.1278304,295.188163,300.8022546,-5.614091592,84.6090535,64.29943171,15.3909465,1,0.5,0.007977813
3-Apr-18,293.27,294.39,295.33,292.8,252.22K,-0.38%,292.0293333,292.2706016,295.2171426,299.2882228,-4.071080143,75.3909465,75.14403292,24.6090535,0,0.5,-0.003804477
4-Apr-18,293.55,294.21,294.39,292.71,271.45K,0.10%,292.166,292.4305264,295.0324998,298.6409449,-3.608445125,77.69547325,79.23182442,22.30452675,1,0.5,0.000954752
5-Apr-18,294.58,292.99,295.33,292.99,344.32K,0.35%,292.266,292.6992106,294.8121873,297.9108268,-3.098639484,86.17283951,79.75308642,13.82716049,1,0.5,0.003508772
8-Apr-18,294.21,294.02,294.86,293.83,309.68K,-0.13%,292.2353333,292.8880593,294.4906639,297.5994735,-3.108809549,83.12757202,82.33196159,16.87242798,0,0.5,-0.001256026
9-Apr-18,296.17,293.83,297.85,293.36,400.63K,0.67%,292.2853333,293.2983018,294.1280809,297.4795393,-3.351458355,87.77292576,85.69111243,12.22707424,1,0.5,0.006661908
10-Apr-18,296.07,297.2,298.04,295.61,242.23K,-0.03%,292.4406667,293.6447641,293.8108208,297.2333469,-3.422526061,85.85786073,85.5861195,14.14213927,0,0.5,-0.000337644
11-Apr-18,294.02,296.54,296.54,293.08,212.71K,-0.69%,292.4906667,293.6916686,293.0894682,297.1466785,-4.057210303,71.14142139,81.59073596,28.85857861,0,0.5,-0.006924038
12-Apr-18,293.36,294.3,294.67,293.08,316.15K,-0.22%,292.5653333,293.65021,292.0607847,297.0008437,-4.940059015,66.4034458,74.46757598,33.5965542,0,0.5,-0.002244745
15-Apr-18,293.55,293.74,294.39,293.36,141.23K,0.06%,292.696,293.6376838,291.7681866,296.8032382,-5.035051638,67.76740847,68.43742522,32.23259153,1,0.5,0.000647668
16-Apr-18,293.08,293.74,294.3,291.31,208.34K,-0.16%,292.7953333,293.5679733,291.8046633,296.5953335,-4.790670184,64.39339555,66.18808327,35.60660445,0,0.5,-0.00160109
17-Apr-18,293.27,294.11,294.11,292.52,278.34K,0.06%,293.144,293.5307266,292.1278304,296.1559168,-4.028086411,65.75735822,65.97272075,34.24264178,1,0.5,0.000648287
18-Apr-18,292.43,293.83,293.83,292.06,236.30K,-0.29%,293.6486667,293.3931358,292.2706016,295.5739272,-3.303325609,58.9010989,63.01728422,41.0989011,0,0.5,-0.002864255
19-Apr-18,294.39,292.99,295.7,292.24,454.83K,0.67%,293.96,293.5177438,292.4305264,295.2621863,-2.831659908,51.20320856,58.62055523,48.79679144,1,0.5,0.006702459
22-Apr-18,293.18,293.55,295.33,292.99,212.65K,-0.41%,294.0346667,293.4755259,292.6992106,295.188163,-2.48895242,27.78603269,45.96344672,72.21396731,0,0.5,-0.004110194
23-Apr-18,292.34,293.46,294.39,291.68,247.99K,-0.29%,293.898,293.3335851,292.8880593,295.2171426,-2.329083367,15.30460624,31.4312825,84.69539376,0,0.5,-0.002865134
24-Apr-18,290.84,292.52,292.99,289.25,424.46K,-0.51%,293.736,293.021887,293.2983018,295.0324998,-1.734197946,18.0887372,20.39312538,81.9112628,0,0.5,-0.005131012
25-Apr-18,290.47,291.59,292.43,289.72,414.91K,-0.13%,293.5306667,292.7029011,293.6447641,294.8121873,-1.167423203,13.87940842,15.75758395,86.12059158,0,0.5,-0.001272177
26-Apr-18,290.47,291.59,291.59,289.91,235.57K,0.00%,293.2566667,292.4237885,293.6916686,294.4906639,-0.798995303,13.87940842,15.28251801,86.12059158,0,0.5,0
30-Apr-18,286.82,291.59,291.59,286.36,627.69K,-1.26%,292.764,291.7233149,293.65021,294.1280809,-0.47787089,3.938356164,10.56572433,96.06164384,0,0.5,-0.012565842
3-May-18,284.39,287.2,288.69,284.02,378.85K,-0.85%,291.9786667,290.8066505,293.6376838,293.8108208,-0.173137029,2.639087019,6.818950534,97.36091298,0,0.5,-0.008472213
6-May-18,284.95,284.58,286.92,284.39,275.35K,0.20%,291.2373333,290.0745692,293.5679733,293.0894682,0.4785051,7.428115016,4.6685194,92.57188498,1,0.5,0.001969127
7-May-18,283.18,285.05,285.89,282.99,474.45K,-0.62%,290.5146667,289.2127481,293.5307266,292.0607847,1.469941963,1.494885917,3.854029317,98.50511408,0,0.5,-0.006211616
8-May-18,280.75,283.64,284.11,279.44,682.04K,-0.86%,289.674,288.1549046,293.3931358,291.7681866,1.624949217,8.056580566,5.659860499,91.94341943,0,0.5,-0.008581114
9-May-18,283.27,281.4,283.83,280.37,439.52K,0.90%,288.9886667,287.5442915,293.5177438,291.8046633,1.713080565,23.55473555,11.03540068,76.44526445,1,0.5,0.008975957
10-May-18,282.43,284.86,284.86,280.28,324.66K,-0.30%,288.2786667,286.9050051,293.4755259,292.1278304,1.347695494,18.38868389,16.66666667,81.61131611,0,0.5,-0.002965369
13-May-18,282.34,284.95,284.95,281.31,228.26K,-0.03%,287.55,286.3343794,293.3335851,292.2706016,1.062983558,17.83517835,19.92619926,82.16482165,0,0.5,-0.000318663
14-May-18,282.34,282.24,283.08,281.12,182.53K,0.00%,286.8773333,285.835082,293.021887,292.4305264,0.591360613,17.83517835,18.0196802,82.16482165,0,0.5,0
15-May-18,282.8,282.43,283.74,282.34,170.04K,0.16%,286.1046667,285.4556967,292.7029011,292.6992106,0.003690536,21.14537445,18.93857705,78.85462555,1,0.5,0.001629241
16-May-18,280.47,282.24,284.58,278.88,426.05K,-0.82%,285.2573333,284.8324847,292.4237885,292.8880593,-0.464270781,10.25145068,16.41066783,89.74854932,0,0.5,-0.008239038
17-May-18,277.1,283.08,283.83,276.17,327.46K,-1.20%,284.2413333,283.8659241,291.7233149,293.2983018,-1.574986933,5.529131986,12.30865237,94.47086801,0,0.5,-0.012015545
20-May-18,274.86,277.57,280.19,273.36,367.20K,-0.81%,283.176,282.7401836,290.8066505,293.6447641,-2.838113567,7.865757735,7.882113466,92.13424227,0,1,-0.008083724
21-May-18,275.51,274.77,285.05,274.21,412.19K,0.24%,282.1786667,281.8364106,290.0745692,293.6916686,-3.617099371,11.79374657,8.396212097,88.20625343,1,0.5,0.00236484
22-May-18,274.21,276.07,279.25,273.64,271.75K,-0.47%,281.0946667,280.8831093,289.2127481,293.65021,-4.437461949,4.662643993,8.107382767,95.33735601,0,0.5,-0.004718522
23-May-18,271.59,274.3,274.3,270.75,321.89K,-0.96%,280.0793333,279.7214706,288.1549046,293.6376838,-5.482779206,4.682274247,7.046221604,95.31772575,0,0.5,-0.009554721
24-May-18,272.8,271.21,272.9,269.72,178.67K,0.45%,279.3066667,278.8562868,287.5442915,293.5679733,-6.023681805,17.90697674,9.083964995,82.09302326,1,0.5,0.004455245
27-May-18,275.98,272.9,278.5,272.9,134.46K,1.17%,278.7086667,278.496751,286.9050051,293.5307266,-6.625721579,38.71366729,20.43430609,61.28633271,1,0.5,0.011656891
28-May-18,272.9,276.64,277.94,272.43,298.32K,-1.12%,278.0233333,277.7971571,286.3343794,293.3931358,-7.058756382,20.74363992,25.78809465,79.25636008,0,0.5,-0.011160229
29-May-18,269.53,275.23,275.23,268.69,315.16K,-1.23%,277.2753333,276.7637624,285.835082,293.5177438,-7.682661834,5.134474328,21.53059384,94.86552567,0,0.5,-0.012348846
30-May-18,267.76,269.53,271.78,266.73,241.83K,-0.66%,276.2413333,275.6382921,285.4556967,293.4755259,-8.019829105,5.622270742,10.50012833,94.37772926,0,0.5,-0.006566987
31-May-18,263.74,267.76,267.76,262.15,604.71K,-1.50%,274.9953333,274.1510056,284.8324847,293.3335851,-8.501100467,6.943231441,5.89999217,93.05676856,0,0.5,-0.015013445
3-Jun-18,258.6,263.93,263.93,257.1,491.08K,-1.95%,273.4126667,272.2071299,283.8659241,293.021887,-9.155962908,5.366726297,5.977409493,94.6332737,0,0.5,-0.019488891
4-Jun-18,265.61,261.31,266.36,257.38,485.21K,2.71%,272.2973333,271.3824887,282.7401836,292.7029011,-9.962717545,30.44722719,14.25239498,69.55277281,1,0.5,0.027107502
5-Jun-18,270.93,265.61,271.03,265.61,467.54K,2.00%,271.506,271.3259276,281.8364106,292.4237885,-10.58737785,49.48121646,28.43172332,50.51878354,1,0.5,0.020029366
6-Jun-18,266.26,275.61,275.61,265.79,449.13K,-1.72%,270.5586667,270.6926866,280.8831093,291.7233149,-10.84020562,32.77280859,37.56708408,67.22719141,0,0.5,-0.017236925
7-Jun-18,265.33,268.88,268.88,264.39,326.31K,-0.35%,269.774,270.0223508,279.7214706,290.8066505,-11.08517992,29.44543828,37.23315444,70.55456172,0,0.5,-0.003492827
10-Jun-18,261.59,266.26,266.26,260.65,248.72K,-1.41%,268.8893333,268.968307,278.8562868,290.0745692,-11.21828243,16.06440072,26.09421586,83.93559928,0,0.5,-0.014095654
11-Jun-18,263.55,262.43,265.33,262.43,763.37K,0.75%,268.092,268.2910186,278.496751,289.2127481,-10.71599712,29.11963883,24.87649261,70.88036117,1,0.5,0.007492641
12-Jun-18,267.1,266.17,268.04,264.49,431.26K,1.35%,267.618,268.1421413,277.7971571,288.1549046,-10.35774748,46.72897196,30.6376705,53.27102804,1,0.5,0.01346993
18-Jun-18,266.45,267.38,267.57,265.98,310.60K,-0.24%,267.2753333,267.9306236,276.7637624,287.5442915,-10.78052905,43.69158879,39.84673319,56.30841121,0,0.5,-0.002433545
19-Jun-18,265.98,266.73,268.22,264.02,453.90K,-0.18%,266.8206667,267.6867957,275.6382921,286.9050051,-11.26671292,41.4953271,43.97196262,58.5046729,0,0.5,-0.001763933
20-Jun-18,264.95,267.2,267.29,263.64,471.32K,-0.39%,266.0853333,267.3446962,274.1510056,286.3343794,-12.1833738,37.66794626,40.95162072,62.33205374,0,0.5,-0.003872472
21-Jun-18,268.22,266.36,269.44,266.36,414.37K,1.23%,265.7733333,267.4541092,272.2071299,285.835082,-13.62795208,60.07563479,46.41296938,39.92436521,1,0.5,0.012341951
24-Jun-18,274.49,268.32,279.44,268.32,394.74K,2.34%,266.104,268.3335955,271.3824887,285.4556967,-14.07320807,77.84243509,58.52867205,22.15756491,1,0.5,0.023376333
25-Jun-18,273.18,274.49,276.64,272.9,261.60K,-0.48%,266.4653333,268.9393961,271.3259276,284.8324847,-13.50655706,71.97851388,69.96552792,28.02148612,0,0.5,-0.004772487
26-Jun-18,272.52,273.18,274.77,271.5,259.03K,-0.24%,267.0506667,269.3869716,270.6926866,283.8659241,-13.17323743,69.02417189,72.94837362,30.97582811,0,0.5,-0.002415989
27-Jun-18,272.62,273.27,275.7,271.03,552.35K,0.04%,267.9853333,269.7911001,270.0223508,282.7401836,-12.71783275,69.0843155,70.02900042,30.9156845,1,0.5,0.000366946
28-Jun-18,273.93,273.83,275.7,270.09,535.85K,0.48%,268.54,270.3084626,268.968307,281.8364106,-12.86810365,70.67589143,69.59479294,29.32410857,1,0.5,0.004805223
2-Jul-18,266.07,274.77,274.77,265.61,608.55K,-2.87%,268.216,269.7786548,268.2910186,280.8831093,-12.5920907,28.84513039,56.20177911,71.15486961,0,0.5,-0.028693462
3-Jul-18,264.77,268.22,269.16,264.3,134.87K,-0.49%,268.1166667,269.1525729,268.1421413,279.7214706,-11.57932936,21.92655668,40.48252617,78.07344332,0,0.5,-0.004885932
4-Jul-18,265.33,268.13,268.13,264.67,198.69K,0.21%,268.1166667,268.6747513,267.9306236,278.8562868,-10.92566319,24.90686535,25.22618414,75.09313465,1,0.5,0.002115043
5-Jul-18,265.79,265.33,267.76,263.55,287.52K,0.17%,268.3966667,268.3141574,267.6867957,278.496751,-10.80995529,19.75308642,22.19550282,80.24691358,1,1,0.00173369
8-Jul-18,266.54,265.14,267.1,265.05,270.02K,0.28%,268.596,268.0923877,267.3446962,277.7971571,-10.45246088,18.81686595,21.15893924,81.18313405,1,0.5,0.002821777
9-Jul-18,266.36,267.29,269.07,265.7,373.56K,-0.07%,268.5466667,267.8758393,267.4541092,276.7637624,-9.30965327,17.68407804,18.75134347,82.31592196,0,0.5,-0.000675321
10-Jul-18,265.98,265.89,268.22,265.79,241.68K,-0.14%,268.5153333,267.6388594,268.3335955,275.6382921,-7.304696612,15.29263688,17.26452696,84.70736312,0,0.5,-0.001426641
11-Jul-18,265.23,266.45,269.91,263.55,311.58K,-0.28%,268.4653333,267.3377519,268.9393961,274.1510056,-5.211609535,10.57268722,14.51646738,89.42731278,0,0.5,-0.002819761
12-Jul-18,263.46,266.36,267.1,262.71,268.93K,-0.67%,268.366,266.8530329,269.3869716,272.2071299,-2.820158343,4.482964734,10.11609628,95.51703527,0,0.5,-0.006673453
15-Jul-18,263.27,264.39,266.07,262.34,266.51K,-0.07%,268.036,266.4051538,269.7911001,271.3824887,-1.59138855,5.438596491,6.83141615,94.56140351,0,0.5,-0.000721172
16-Jul-18,262.62,263.55,265.42,261.68,263.45K,-0.25%,267.2446667,265.9320096,270.3084626,271.3259276,-1.017464982,6.28342246,5.401661228,93.71657754,0,0.5,-0.002468948
17-Jul-18,258.5,263.36,263.46,257.94,735.56K,-1.57%,266.266,265.0030084,269.7786548,270.6926866,-0.914031859,3.153153153,4.958390701,96.84684685,0,0.5,-0.015688066
18-Jul-18,260.65,260.56,261.68,258.41,202.79K,0.83%,265.4746667,264.4588823,269.1525729,270.0223508,-0.869777876,15.25900901,8.231861541,84.74099099,1,0.5,0.008317215
19-Jul-18,260.09,261.68,262.62,259.81,332.37K,-0.21%,264.6393333,263.9127721,268.6747513,268.968307,-0.293555642,12.10585586,10.17267267,87.89414414,0,0.5,-0.002148475
22-Jul-18,257.2,261.03,261.59,256.82,615.10K,-1.11%,263.524,263.0736755,268.3141574,268.2910186,0.023138813,2.116991643,9.827285503,97.88300836,0,0.5,-0.011111538
23-Jul-18,255.89,257.94,258.88,255.05,607.71K,-0.51%,262.8453333,262.1757161,268.0923877,268.1421413,-0.049753538,5.652759085,6.625202195,94.34724092,0,0.5,-0.005093313
24-Jul-18,255.14,254.21,256.73,254.21,421.94K,-0.29%,262.2033333,261.2962516,267.8758393,267.9306236,-0.054784346,5.923566879,4.564439202,94.07643312,0,0.5,-0.002930947
25-Jul-18,253.36,255.14,257.01,252.24,519.07K,-0.70%,261.4053333,260.3042201,267.6388594,267.6867957,-0.047936303,6.338426712,5.971584225,93.66157329,0,0.5,-0.006976562
26-Jul-18,252.15,255.14,255.14,251.4,371.74K,-0.48%,260.496,259.2849426,267.3377519,267.3446962,-0.006944265,4.051863857,5.437952483,95.94813614,0,0.5,-0.004775813
29-Jul-18,248.78,253.18,253.18,248.32,528.76K,-1.34%,259.312,257.9718248,266.8530329,267.4541092,-0.601076232,2.130616026,4.173635532,97.86938397,0,0.5,-0.01336506
30-Jul-18,246.92,248.78,249.44,245.79,352.66K,-0.75%,258.016,256.5903467,266.4051538,268.3335955,-1.928441703,4.684908789,3.622462891,95.31509121,0,0.5,-0.007476485
31-Jul-18,250.09,247.66,252.52,247.2,241.64K,1.28%,256.9566667,255.7778034,265.9320096,268.9393961,-3.00738649,17.82752902,8.214351279,82.17247098,1,0.5,0.012838166
1-Aug-18,253.93,250.47,255.14,250.47,225.65K,1.54%,256.2033333,255.5468279,265.0030084,269.3869716,-4.383963179,38.19802909,20.2368223,61.80197091,1,0.5,0.015354472
2-Aug-18,255.05,253.93,257.1,253.27,214.39K,0.44%,255.6426667,255.4847244,264.4588823,269.7911001,-5.332217781,45.66074951,33.89543587,54.33925049,1,0.5,0.004410664
5-Aug-18,252.34,255.05,255.05,251.4,109.16K,-1.06%,254.914,255.0916339,263.9127721,270.3084626,-6.395690559,33.36729496,39.07535785,66.63270504,0,0.5,-0.010625368
6-Aug-18,254.58,252.34,256.07,251.78,204.65K,0.89%,254.378,255.0276797,263.0736755,269.7786548,-6.704979239,49.74533107,42.92445851,50.25466893,1,0.5,0.008876912
7-Aug-18,257.66,254.21,258.69,254.21,136.26K,1.21%,254.322,255.3567197,262.1757161,269.1525729,-6.976856834,70.52881759,51.21381454,29.47118241,1,0.5,0.012098358
8-Aug-18,257.76,257.66,260,257.01,159.66K,0.04%,254.1293333,255.6571297,261.2962516,268.6747513,-7.37849973,71.12299465,63.79904777,28.87700535,1,0.5,0.000388108
9-Aug-18,255.98,257.01,257.57,255.61,160.93K,-0.69%,253.8553333,255.6974885,260.3042201,268.3141574,-8.009937264,64.49367089,68.71516104,35.50632911,0,0.5,-0.006905649
12-Aug-18,252.24,255.05,255.89,251.4,238.10K,-1.46%,253.5246667,255.2653025,259.2849426,268.0923877,-8.807445106,45.39057002,60.33574519,54.60942998,0,0.5,-0.014610516
13-Aug-18,249.07,252.34,253.74,248.6,412.27K,-1.26%,253.07,254.4908896,257.9718248,267.8758393,-9.904014467,23.08233638,44.32219243,76.91766362,0,0.5,-0.012567396
14-Aug-18,256.26,251.31,257.2,249.72,204.48K,2.89%,253.1446667,254.7120284,256.5903467,267.6388594,-11.04851266,73.68050669,47.38447103,26.31949331,1,0.5,0.028867387
16-Aug-18,255.14,256.07,257.85,254.95,356.11K,-0.44%,253.2633333,254.7655249,255.7778034,267.3377519,-11.55994858,65.79873329,54.18719212,34.20126671,0,0.5,-0.004370561
19-Aug-18,258.32,255.98,258.88,255.51,130.15K,1.25%,253.6746667,255.2098343,255.5468279,266.8530329,-11.306205,88.1773399,75.88552662,11.8226601,1,0.5,0.012463745
20-Aug-18,258.13,258.22,262.52,257.29,214.54K,-0.07%,254.298,255.574855,255.4847244,266.4051538,-10.92042938,73.75971309,75.91192876,26.24028691,0,0.5,-0.000735522
26-Aug-18,260.37,259.35,261.68,257.94,136.36K,0.87%,255.1946667,256.1742481,255.0916339,265.9320096,-10.84037571,85.96605744,82.63437014,14.03394256,1,0.5,0.008677798
27-Aug-18,259.53,260.37,262.15,259.16,247.99K,-0.32%,255.824,256.5937171,255.0276797,265.0030084,-9.975328743,78.52011494,79.41529516,21.47988506,0,0.5,-0.003226178
28-Aug-18,258.97,260.47,260.65,258.22,254.10K,-0.22%,256.16,256.8907525,255.3567197,264.4588823,-9.10216265,74.49712644,79.66109961,25.50287356,0,0.5,-0.002157747
29-Aug-18,259.07,259.07,261.21,257.48,615.36K,0.04%,256.428,257.1631584,255.6571297,263.9127721,-8.255642319,75.21551724,76.07758621,24.78448276,1,0.5,0.000386145
30-Aug-18,259.25,259.81,261.87,258.88,455.08K,0.07%,256.8886667,257.4240136,255.6974885,263.0736755,-7.376187029,76.50862069,75.40708812,23.49137931,1,0.5,0.000694793
3-Sep-18,260.65,261.59,261.68,259.81,237.56K,0.54%,257.2933333,257.8272619,255.2653025,262.1757161,-6.910413651,86.56609195,79.43007663,13.43390805,1,0.5,0.005400193
4-Sep-18,259.53,261.31,261.4,258.97,351.11K,-0.43%,257.418,258.0401042,254.4908896,261.2962516,-6.805361944,78.52011494,80.5316092,21.47988506,0,0.5,-0.00429695
5-Sep-18,258.88,259.81,260.56,258.04,291.07K,-0.25%,257.4926667,258.1450911,254.7120284,260.3042201,-5.592191701,73.85057471,79.64559387,26.14942529,0,0.5,-0.002504527
6-Sep-18,257.1,259.07,260.28,256.54,404.68K,-0.69%,257.5673333,258.0144548,254.7655249,259.2849426,-4.519417739,61.06321839,71.14463602,38.93678161,0,0.5,-0.006875773
9-Sep-18,256.64,257.1,257.94,255.98,234.32K,-0.18%,257.8606667,257.8426479,255.2098343,257.9718248,-2.761990521,57.75862069,64.22413793,42.24137931,0,0.5,-0.001789187
10-Sep-18,254.58,257.01,257.01,254.11,346.51K,-0.80%,258.228,257.4348169,255.574855,256.5903467,-1.015491706,37.96875,52.26352969,62.03125,0,0.5,-0.008026808
11-Sep-18,252.99,256.07,256.07,252.43,255.52K,-0.62%,258.01,256.8792148,256.1742481,255.7778034,0.396444757,5.550049554,33.75914008,94.44995045,0,0.5,-0.006245581
12-Sep-18,254.3,253.27,255.42,252.34,348.65K,0.52%,257.954,256.556813,256.5937171,255.5468279,1.046889163,19.25343811,20.92407922,80.74656189,1,0.5,0.00517807
13-Sep-18,252.43,254.77,255.89,251.03,414.35K,-0.74%,257.5613333,256.0409613,256.8907525,255.4847244,1.406028017,12.18450827,12.32933198,87.81549173,0,0.5,-0.007353519
16-Sep-18,253.64,252.34,254.95,251.21,171.74K,0.48%,257.262,255.7408412,257.1631584,255.0916339,2.071524515,23.47122302,18.30305647,76.52877698,1,1,0.004793408
17-Sep-18,252.43,255.05,255.05,251.87,205.81K,-0.48%,256.7326667,255.326986,257.4240136,255.0276797,2.396333951,12.58992806,16.08188645,87.41007194,0,0.5,-0.004770541
18-Sep-18,252.52,254.21,254.21,251.87,176.04K,0.04%,256.2653333,254.9761128,257.8272619,255.3567197,2.470542207,13.74538745,16.60217951,86.25461255,1,0.5,0.000356534
19-Sep-18,249.16,252.34,254.11,248.6,311.85K,-1.33%,255.6113333,254.2490987,258.0401042,255.6571297,2.382974431,4.220045215,10.18512024,95.77995479,0,0.5,-0.013305877
20-Sep-18,249.07,251.4,251.4,248.6,290.59K,-0.04%,254.9446667,253.6017113,258.1450911,255.6974885,2.447602627,3.541823662,7.169085444,96.45817634,0,0.5,-0.000361214
23-Sep-18,250.47,249.25,250.93,248.69,279.21K,0.56%,254.3593333,253.2102474,258.0144548,255.2653025,2.749152299,14.29663609,7.352834988,85.70336391,1,0.5,0.00562091
24-Sep-18,250.19,250.56,251.4,249.63,144.79K,-0.11%,253.662,252.8327165,257.8426479,254.4908896,3.351758261,12.421875,10.08677825,87.578125,0,0.5,-0.001117898
25-Sep-18,253.36,250.47,254.3,249.44,235.85K,1.27%,253.2506667,252.8986269,257.4348169,254.7120284,2.722788479,39.7993311,22.17261406,60.2006689,1,0.5,0.012670371
26-Sep-18,254.02,254.21,256.07,253.27,127.03K,0.26%,252.9266667,253.0387986,256.8792148,254.7655249,2.113689919,46.40410959,32.87510523,53.59589041,1,0.5,0.002604989
27-Sep-18,252.62,254.11,255.05,251.4,178.11K,-0.55%,252.628,252.9864487,256.556813,255.2098343,1.346978679,43.04068522,43.08137531,56.95931478,0,0.5,-0.005511377
30-Sep-18,254.86,251.68,257.85,251.4,249.02K,0.89%,252.5093333,253.2206427,256.0409613,255.574855,0.466106344,67.67567568,52.37349016,32.32432432,1,0.5,0.008867073
1-Oct-18,255.23,254.67,256.82,253.08,202.07K,0.15%,252.5526667,253.4718123,255.7408412,256.1742481,-0.433406949,71.67567568,60.79734553,28.32432432,1,0.5,0.001451777
2-Oct-18,254.67,257.01,257.01,254.21,114.90K,-0.22%,252.6646667,253.6215858,255.326986,256.5937171,-1.26673108,65.62162162,68.32432432,34.37837838,0,0.5,-0.002194099
3-Oct-18,253.18,254.21,255.14,252.9,115.55K,-0.59%,252.59,253.5663876,254.9761128,256.8907525,-1.914639695,49.51351351,62.27027027,50.48648649,0,0.5,-0.005850709
4-Oct-18,253.64,253.18,255.7,250.93,354.68K,0.18%,252.6706667,253.5755891,254.2490987,257.1631584,-2.914059733,54.48648649,56.54054054,45.51351351,1,0.5,0.001816889
7-Oct-18,251.31,253.27,253.27,250.84,180.60K,-0.92%,252.5153333,253.2923905,253.6017113,257.4240136,-3.822302267,29.2972973,44.43243243,70.7027027,0,0.5,-0.009186248
8-Oct-18,253.55,252.43,254.02,250.56,174.15K,0.89%,252.59,253.3245917,253.2102474,257.8272619,-4.617014483,53.51351351,45.76576577,46.48648649,1,0.5,0.008913294
9-Oct-18,261.78,253.55,265.98,253.55,841.55K,3.25%,253.2073333,254.3815177,252.8327165,258.0401042,-5.207387673,75.83429229,52.88170103,24.16570771,1,0.5,0.032459081
10-Oct-18,259.53,263.74,263.74,258.78,242.86K,-0.86%,253.8986667,255.025078,252.8986269,258.1450911,-5.246464214,62.88837745,64.07872775,37.11162255,0,0.5,-0.008595003
11-Oct-18,254.58,259.72,259.72,253.46,268.33K,-1.91%,254.266,254.9694432,253.0387986,258.0144548,-4.975656187,34.06593407,57.59620127,65.93406593,0,0.5,-0.01907294
14-Oct-18,254.49,254.77,255.14,252.9,133.70K,-0.04%,254.534,254.9095128,252.9864487,257.8426479,-4.856199164,30.53204353,42.49545168,69.46795647,0,0.5,-0.000353523
15-Oct-18,250.56,254.67,257.01,250.28,319.09K,-1.54%,254.5586667,254.3658237,253.2206427,257.4348169,-4.214174268,6.77146312,23.78981357,93.22853688,0,0.5,-0.01544265
16-Oct-18,251.21,251.21,253.18,250.56,475.24K,0.26%,254.4153333,253.9713458,253.4718123,256.8792148,-3.407402485,5.923566879,14.40902451,94.07643312,1,0.5,0.002594189
17-Oct-18,249.81,251.87,251.87,249.16,287.01K,-0.56%,254.1346667,253.4511775,253.6215858,256.556813,-2.935227174,3.864447087,5.519825695,96.13555291,0,0.5,-0.005573027
18-Oct-18,248.32,249.91,251.21,247.57,265.50K,-0.60%,253.848,252.8097804,253.5663876,256.0409613,-2.474573777,4.073872895,4.620628954,95.9261271,0,0.5,-0.005964533
21-Oct-18,251.03,251.12,255.14,250.19,172.20K,1.09%,253.5926667,252.5873078,253.5755891,255.7408412,-2.165252055,18.79413362,8.910817868,81.20586638,1,0.5,0.010913338
22-Oct-18,245.79,252.06,252.06,244.86,798.75K,-2.09%,252.9633333,251.7376443,253.2923905,255.326986,-2.034595548,4.403409091,9.09047187,95.59659091,0,0.5,-0.020873999
23-Oct-18,244.95,246.73,247.66,244.49,366.92K,-0.34%,252.3153333,250.8891888,253.3245917,254.9761128,-1.651521105,2.140530479,8.446024398,97.85946952,0,0.5,-0.003417552
24-Oct-18,246.45,246.45,248.32,244.58,240.57K,0.61%,251.8666667,250.3342902,254.3815177,254.2490987,0.132419033,9.120521173,5.221486914,90.87947883,1,0.5,0.006123699
25-Oct-18,245.61,247.2,248.6,244.86,250.30K,-0.34%,251.3313333,249.7437539,255.025078,253.6017113,1.423366654,5.211726384,5.490926012,94.78827362,0,0.5,-0.003408399
28-Oct-18,244.21,247.57,247.57,243.83,134.18K,-0.57%,250.858,249.0520347,254.9694432,253.2102474,1.759195822,1.715575621,5.349274393,98.28442438,0,0.5,-0.005700094
29-Oct-18,248.41,244.39,249.16,244.39,347.10K,1.72%,250.5153333,248.9717803,254.9095128,252.8327165,2.076796345,20.6772009,9.201500969,79.3227991,1,0.5,0.017198313
30-Oct-18,249.63,249.81,250.56,248.13,186.05K,0.49%,249.7053333,249.0540578,254.3658237,252.8986269,1.467196802,29.1310899,17.17462214,70.8689101,1,0.5,0.004911235
31-Oct-18,249.72,250.47,250.93,248.6,776.04K,0.04%,249.0513333,249.1373006,253.9713458,253.0387986,0.932547201,37.06733795,28.95854292,62.93266205,1,0,0.000360534
1-Nov-18,246.64,249.81,249.81,246.26,131.52K,-1.23%,248.522,248.825138,253.4511775,252.9864487,0.464728801,21.32018209,29.17286998,78.67981791,0,0.5,-0.012333814
4-Nov-18,246.73,246.64,247.66,246.07,76.48K,0.04%,248.0046667,248.5632458,252.8097804,253.2206427,-0.410862299,22.0030349,26.79685165,77.9969651,1,0.5,0.000364904
5-Nov-18,247.01,246.73,248.5,246.07,312.88K,0.11%,247.768,248.36909,252.5873078,253.4718123,-0.884504512,28.11671088,23.81330929,71.88328912,1,0.5,0.001134844
6-Nov-18,246.54,247.1,247.57,246.26,339.18K,-0.19%,247.4566667,248.1404538,251.7376443,253.6215858,-1.883941448,23.96109637,24.69361405,76.03890363,0,0.5,-0.001902757
7-Nov-18,247.48,246.54,248.13,246.54,85.33K,0.38%,247.3013333,248.0578971,250.8891888,253.5663876,-2.677198767,32.27232538,28.11671088,67.72767462,1,0.5,0.003812769
8-Nov-18,247.29,247.66,248.6,246.73,120.81K,-0.08%,247.2326667,247.9619099,250.3342902,253.5755891,-3.241298921,30.59239611,28.94193929,69.40760389,0,0.5,-0.000767739
11-Nov-18,249.72,247.76,253.83,247.01,146.86K,0.98%,247.1453333,248.1816712,249.7437539,253.2923905,-3.548636556,58.9,40.5882405,41.1,1,0.5,0.009826519
12-Nov-18,245.51,252.9,252.9,244.49,612.15K,-1.69%,247.1266667,247.8477123,249.0520347,253.3245917,-4.272556986,16.8,35.4307987,83.2,0,0.5,-0.016858882
13-Nov-18,247.94,247.66,250.28,245.7,321.39K,0.99%,247.326,247.8592483,248.9717803,254.3815177,-5.409737363,41.1,38.93333333,58.9,1,0.5,0.009897764
14-Nov-18,245.89,248.04,249.07,245.42,247.57K,-0.83%,247.2886667,247.6130922,249.0540578,255.025078,-5.971020193,20.6,26.16666667,79.4,0,0.5,-0.008268129
15-Nov-18,245.89,246.73,247.66,245.42,263.71K,0.00%,247.3073333,247.3977057,249.1373006,254.9694432,-5.832142669,20.6,27.43333333,79.4,0,0.5,0
18-Nov-18,248.22,247.57,251.4,245.98,254.12K,0.95%,247.5746667,247.5004925,248.825138,254.9095128,-6.084374835,40.5720339,27.25734463,59.4279661,1,0.5,0.009475782
19-Nov-18,250.09,248.32,251.4,248.22,474.34K,0.75%,247.6866667,247.8241809,248.5632458,254.3658237,-5.802577981,59.95717345,40.37640245,40.04282655,1,0.5,0.00753364
20-Nov-18,256.45,252.24,257.01,251.12,650.42K,2.54%,248.1413333,248.9024083,248.36909,253.9713458,-5.602255733,95.52715655,65.3521213,4.47284345,1,0.5,0.025430845
22-Nov-18,260,257.94,262.15,257.01,930.71K,1.38%,248.8266667,250.2896073,248.1404538,253.4511775,-5.310723766,87.82559456,81.10330819,12.17440544,1,0.5,0.013842854
25-Nov-18,257.29,260.75,262.24,256.45,319.01K,-1.04%,249.5366667,251.1646564,248.0578971,252.8097804,-4.751883296,72.11267606,85.15514239,27.88732394,0,0.5,-0.010423077
26-Nov-18,256.54,257.48,258.41,254.86,592.77K,-0.29%,250.1906667,251.8365743,247.9619099,252.5873078,-4.625397884,67.88732394,75.94186485,32.11267606,0,0.5,-0.002914999
28-Nov-18,258.1,258,259.9,254,718.65K,0.61%,250.93,252.6195025,248.1816712,251.7376443,-3.555973148,76.67605634,72.22535211,23.32394366,1,0.5,0.006080923
29-Nov-18,263.5,259,264.5,258.5,777.16K,2.09%,252.0606667,253.9795647,247.8477123,250.8891888,-3.041476505,95.00249875,79.85529301,4.997501249,1,0.5,0.020922123
2-Dec-18,261.4,263.5,263.5,260,201.04K,-0.80%,252.9886667,254.9071191,247.8592483,250.3342902,-2.475041942,84.50774613,85.39543374,15.49225387,0,0.5,-0.007969639
3-Dec-18,260,261,262.4,259.5,404.39K,-0.54%,253.836,255.5437292,247.6130922,249.7437539,-2.130661699,77.51124438,85.67382975,22.48875562,0,0.5,-0.005355777
4-Dec-18,259.9,260,260.7,258.7,702.46K,-0.04%,254.5146667,256.0882631,247.3977057,249.0520347,-1.654328987,77.01149425,79.67682825,22.98850575,0,1,-0.000384615
5-Dec-18,257.4,260,260.6,256.6,371.61K,-0.96%,255.3073333,256.2522302,247.5004925,248.9717803,-1.471287863,62.78825996,72.43699953,37.21174004,0,0.5,-0.009619084
6-Dec-18,253.6,257.2,257.4,252.2,305.87K,-1.48%,255.6846667,255.9207014,247.8241809,249.0540578,-1.22987688,42.8721174,60.89062387,57.1278826,0,0.5,-0.014763015
9-Dec-18,254.2,253.6,255,253.6,183.15K,0.24%,256.2386667,255.7056137,248.9024083,249.1373006,-0.23489227,46.01677149,50.55904962,53.98322851,1,0.5,0.002365931
10-Dec-18,254.4,254.3,255,250,781.98K,0.08%,256.806,255.542412,250.2896073,248.825138,1.464469264,45.46436285,44.78441725,54.53563715,1,0.5,0.000786782
11-Dec-18,251.7,253.5,255,251.2,293.84K,-1.06%,257.038,255.0621105,251.1646564,248.5632458,2.601410606,21.37592138,37.61901857,78.62407862,0,0.5,-0.010613208
12-Dec-18,248.2,252,252.4,247.5,547.24K,-1.39%,256.912,254.2043467,251.8365743,248.36909,3.46748428,4.117647059,23.65264376,95.88235294,0,0.5,-0.013905443
13-Dec-18,247.9,248.2,251,247.1,951.31K,-0.12%,256.342,253.4163034,252.6195025,248.1404538,4.479048745,4.597701149,10.03042319,95.40229885,0,0.5,-0.001208703
17-Dec-18,250.7,249.8,251.8,248,407.81K,1.13%,255.722,253.0767654,253.9795647,248.0578971,5.921667652,20.68965517,9.801667794,79.31034483,1,0.5,0.011294877
18-Dec-18,250.8,251.3,254.1,250.2,317.12K,0.04%,255.2893333,252.7921698,254.9071191,247.9619099,6.945209195,21.26436782,15.51724138,78.73563218,1,0.5,0.000398883
19-Dec-18,248.3,251,251.1,247.8,631.63K,-1.00%,254.74,252.2306485,255.5437292,248.1816712,7.362058046,6.896551724,16.2835249,93.10344828,0,1,-0.009968102
20-Dec-18,248.7,250,250.2,248.1,219.96K,0.16%,254.1133333,251.7893175,256.0882631,247.8477123,8.24055079,9.195402299,12.45210728,90.8045977,1,1,0.001610954
23-Dec-18,251,248.7,251.9,247.7,291.97K,0.92%,253.28,251.6906528,256.2522302,247.8592483,8.392981941,23.7804878,13.29081394,76.2195122,1,0.5,0.00924809
24-Dec-18,251.3,250.8,251.8,250.6,535.48K,0.12%,252.6066667,251.6418212,255.9207014,247.6130922,8.307609199,27.45098039,20.14229017,72.54901961,1,0.5,0.001195219
26-Dec-18,253.3,251.1,253.9,251,177.85K,0.80%,252.16,251.8490935,255.7056137,247.3977057,8.307908049,45.58823529,32.2732345,54.41176471,1,0.5,0.007958615
27-Dec-18,254.2,253.3,254.5,253,322.76K,0.36%,251.78,252.1429569,255.542412,247.5004925,8.041919543,52.59259259,41.87726943,47.40740741,1,0.5,0.003553099
